angulo_cotovelo,angulo_braco,altura_punho,label
152.3821933447702,7.859909969459023,0.8554817765973144,0
149.5412064765514,9.257527714770443,0.843097451238767,0
147.217990370485,9.18787996150533,0.8197301829947017,0
134.38894780944065,9.8520265987516,0.9479308025441631,0
130.7490976840226,1.300801868111149,0.9085526450111271,0
128.26346079336068,1.7983887575857493,0.8636121022249298,0
123.95022897601902,8.796390431130625,0.8218665649571647,0
120.13315423607462,10.0220392663349,0.7728711199807394,0
115.33477324501442,10.332992016926827,0.7258961122291246,0
113.08161155924682,5.13136748598075,0.6688650948860735,0
112.592539037668,4.698641781307413,0.6497470858639166,0
106.07361766197789,12.695505280390295,0.59107742730701,0
101.32093380392507,9.191829652666824,0.5550012478933037,0
101.38903376240371,7.218591158273596,0.5310652679173898,0
92.48431100538977,7.110432464229989,0.4696559056694767,0
91.24115017915445,6.759422672855443,0.4369427035831527,0
85.45913132046674,8.6184134989754,0.3893251730113354,0
81.15056187736961,6.768633634603545,0.34984995872470503,0
77.47810962792248,7.444461008945629,0.31669497220009124,0
74.92889692227527,8.801262012508525,0.3056042279797446,0
70.88538761804773,9.393318248097671,0.2732706182907408,0
68.28846395905492,11.941777387776165,0.25830119620244285,0
64.8204794098596,12.40388081220366,0.2351507308542949,0
61.87407941138883,11.134814241625731,0.21970272627095583,0
59.32890689807444,12.15677831347794,0.19363224704084453,0
59.32400484053073,12.15466078540962,0.19367108594758894,0
56.89498086239696,13.894757439738305,0.17830524750207644,0
53.78992402605056,13.427863252472891,0.16752930010815106,0
48.455735931270496,10.702390104604442,0.16038140162092954,0
49.65633744801247,13.476218150419532,0.15661400769192568,0
51.173049847857634,15.931488310451686,0.14283310665862797,0
47.67151568884078,14.322459106163802,0.13973596617118023,0
45.41125328373262,16.153696071457468,0.11910319444214532,0
46.539870957879614,19.39118318520386,0.12432705388259904,0
45.34857878013144,19.357813504499603,0.10333702295052853,0
44.00021876744319,19.88934968810062,0.10995356089243843,0
42.02741399667554,17.139397495519347,0.10985750383514074,0
41.158333393737166,15.998839429623384,0.11001635128047635,0
40.74447650965104,16.895193832752042,0.10336084333171505,0
40.83851665361234,17.334378057672094,0.09923728338287256,0
41.13101033726505,17.578292274815283,0.09381449080305077,0
42.46247336895357,18.044579526483858,0.10924585408036593,0
41.655649193907735,17.53901908500413,0.10338408959140698,0
42.14341334554293,18.03348702898818,0.10271287352706669,0
42.36450636680038,16.12818721423385,0.10212970332354482,0
45.11015318512046,16.28846502532209,0.10695353572851898,0
45.34538851995534,15.09608538120909,0.11906075519166687,0
46.54541919267964,15.562782083699586,0.13666765216130128,0
47.43644082202165,15.39661819110838,0.14766128357459637,0
51.022748402848514,15.970763623733479,0.1465905402368686,0
52.2770594242292,14.927337262941828,0.14687345697847956,0
55.16654916529128,13.814674407736424,0.15231464787951068,0
55.676083401684586,12.844293631381776,0.1757489405026687,0
58.6509549909577,13.633327537643183,0.19121999938624804,0
66.78483221327456,16.943487637013476,0.21107904123027366,0
66.22764283681387,13.186468041902177,0.22787014010781015,0
71.00622394300369,12.924309469631252,0.2556347273299516,0
71.79913256498871,12.49617692898802,0.27366319692000574,0
77.09524458719895,13.24948348607951,0.311191786261274,0
81.15794162514976,12.561165953608226,0.34971963093958375,0
86.07337070370444,12.818262528870664,0.37773738668360446,0
87.5799238031335,12.960107470409875,0.40228853357268773,0
87.7811062232898,11.210629287557966,0.4328187011080269,0
93.47273588277768,11.234240623415598,0.4750846119133574,0
98.7129126362251,11.487928829656427,0.5113658276523099,0
105.25763036015938,11.780811199636313,0.576301341422623,0
107.84369807058182,7.558403765568566,0.602200579337344,0
126.61083955198023,11.652716187983533,0.6403500973607912,0
118.366619624913,11.588333271995824,0.6966516397673699,0
123.82474548730505,9.511857456180797,0.7542905310808289,0
122.5439095413907,3.9182883760474216,0.7964944769909246,0
126.43970711477964,6.510704194266995,0.8594153450288208,0
129.03770830093666,1.9600612452421695,0.8854414540714367,0
142.59067354447473,1.1556265737628397,0.7917135096045747,0
147.5569488231576,2.5047754100137873,0.8166233766233766,0
150.64838305030474,2.3019019705270325,0.8295439188681906,0
150.65101983766945,2.3064826400725504,0.8295045734911685,0
152.34962589876434,0.2907770219810942,0.857184943194248,0
139.76297950617746,8.933824647848555,0.9885138406020333,0
134.61430180015114,7.9704607017672275,0.959565316887979,0
137.01231594692797,9.42006002655825,0.8127874733979839,0
136.8502571843976,9.415507522700798,0.8024020156276432,0
128.7646722539988,9.994096382585973,0.8765511795419948,0
125.77583544735262,9.868341462841112,0.8430283803073964,0
121.3204055948148,6.352780275855003,0.7976609498408278,0
120.01211053528435,10.532254736171568,0.7716075729853479,0
118.83711695136903,2.8593261837833976,0.7156638387354073,0
113.92296091292641,3.3229413337842115,0.6740824791585236,0
109.34765351124028,4.831935496820996,0.6289700863280465,0
105.05008417444905,5.289369130521161,0.5864970841116165,0
102.41591567688742,7.022940993986611,0.5500053891230479,0
98.92272242593366,6.898379581908501,0.5194925186712407,0
94.40052971671939,13.042530908841613,0.4940172824393823,0
88.20168310528966,7.67856301828259,0.44061437482516674,0
87.20344010238537,11.300318363747667,0.39883116734150786,0
82.58491199699615,6.248343662435019,0.35516823905511635,0
80.66781460852405,13.151949777475886,0.34444390884318626,0
77.46762701899148,15.561398942522679,0.3166563817455145,0
73.70441769790312,9.719339334050199,0.3017935046049442,0
70.36515885752806,14.042753386693427,0.26989178866963714,0
68.13200938473774,12.270235095338794,0.2526756265565752,0
65.8105333750746,13.206361219707661,0.2320074902987094,0
65.12428615666408,14.577895039090754,0.21551789778255315,0
62.812493024244894,13.820581958838384,0.20224167598606682,0
57.582186548542346,10.717302926528237,0.2000126918609303,0
56.37477760961793,13.890000467591488,0.17394935135555029,0
55.935961971771235,13.512540947685864,0.16847776332106196,0
53.125092337153006,14.270055367664252,0.15147243410253938,0
50.28175035947378,14.169626644742333,0.1353318951486094,0
52.23703342925246,15.539368263198924,0.1459785940737756,0
49.81469217777251,15.823294624064998,0.1305152208584703,0
46.775717227251256,16.168625882492652,0.12975026695030994,0
44.90705443424308,16.602109169631657,0.12165126116246279,0
42.24419322992812,16.05325623750664,0.1081138505263448,0
42.07154504093079,17.31495653385999,0.10322748886164022,0
41.370434167685225,17.629055024643332,0.10318473104557943,0
42.68283637071486,18.32108101116422,0.09747228675005926,0
42.04026554141096,18.419196828784386,0.09812421819311423,0
42.787311225989924,18.652251790022017,0.10220686702816616,0
44.42327650796064,18.705769353674352,0.10293330537607116,0
43.85972136521916,18.435785795243678,0.1027169159541212,0
46.57614184272095,17.63122490796613,0.11711281200533252,0
45.99758275191829,17.340481002243994,0.11776891647356484,0
48.80661346092068,16.967523802808124,0.13434179327303056,0
49.069853757542894,16.12205442298793,0.13133654047270443,0
52.00600214340446,15.364396890126688,0.1360212831474202,0
54.075207535796835,14.3979294112447,0.14843221990706346,0
57.62352983410948,15.026153160785803,0.1714523359742859,0
57.97233394896533,13.266087483189256,0.18196871058011566,0
62.267927523213174,14.006309356043039,0.21581235624932932,0
66.07370313210325,11.814213940830944,0.2148737690499878,0
69.54307065983343,13.373500165767501,0.25819672131147553,0
70.6557289954727,10.845853534891756,0.27122486415394725,0
73.60747869380936,7.578008819846769,0.29760965887093294,0
79.63710993650295,8.58636782449029,0.3425540944308401,0
83.0835887746384,5.595273682198541,0.3519274260015002,0
87.23717447373186,5.651540630788074,0.3921269436554966,0
90.32073405292985,4.816012307221761,0.43242243399110425,0
92.82577110825251,3.838314223493713,0.4798952511146874,0
99.31104385042678,5.4486530438064,0.5253820795394567,0
107.94523732213659,4.292298657459458,0.5911543310328876,0
110.59646429807964,3.002794634509485,0.614579382754422,0
111.27060308093377,3.0658176964767185,0.6180241143496151,0
114.44142513401296,2.373788824018688,0.6743519296280741,0
119.39354787816653,2.5417011413924904,0.7256989203408714,0
46.04708107815826,2.3738565290515807,-0.679799328160068,0
46.87104859358407,1.881407012565813,-0.7031824585701323,0
47.05918655960122,1.6983340246662182,-0.6934023017159001,0
144.4476996473261,0.5845516913786156,0.7977704798071447,0
147.4391022160752,0.59898159000431,0.809205440651462,0
149.6177931589949,2.568356784139237,0.8246159724419558,0
154.08098060008155,1.518438041397147,1.0808923149673675,0
154.70951828252834,0.400469340606349,1.0895945389995276,0
153.05197595456698,2.1684343428786503,1.0808087631013092,0
153.051070251787,2.171986776225001,1.0808855263207275,0
152.31409718850395,2.194170694166788,1.080759488920993,0
152.05944571013683,2.162174722970957,1.0730472112600478,0
153.03625599820592,2.5944537158698244,1.0809012795017072,0
152.77385018524117,2.56550455657529,1.0729645237855703,0
154.4495819219215,1.4751987311524408,1.0808725575181721,0
154.6523969244783,1.1409187133149157,1.0735665574484217,0
154.90092987436893,1.5985737377166902,1.073395184050922,0
154.66556314240952,1.5522816087251181,1.0735285838147033,0
153.17015278002475,1.4623378074585769,1.0662805928472507,0
153.17336588598704,1.4603094134694483,1.0663343817323354,0
153.4606954454779,1.4551490687558724,1.0812974934785076,0
153.42217129696144,1.4778329745611256,1.0734431471452535,0
153.09912867465454,1.477561470331263,1.0662507694848582,0
151.93228268015366,2.6346556364644855,1.0742113203837238,0
152.78330031627823,0.7187716802322462,1.074539484710435,0
152.4313693561411,0.2907356521708802,1.0672606282686616,0
152.27226535577543,1.8322646015993442,1.067438200522033,0
144.74914451001962,2.7369257784517234,1.0375486866593755,0
142.46523066454944,2.5565472658874544,1.0151078232316115,0
142.46598402731345,2.552340149068499,1.0151040714329251,0
137.8597000306571,1.717811798086259,0.9922192522467004,0
133.4429223430419,2.590256035075308,0.9774519439555668,0
130.04381696497518,3.010374054221161,0.9326081572781131,0
126.56701588433477,4.759258938962668,0.8956605548973522,0
125.76331272889531,6.924061298884488,0.8444593169005298,0
123.52523446547147,8.019523467399031,0.8070154874618108,0
117.9721238301748,7.995835983893337,0.7515566369933712,0
111.4320802126816,8.054125599452622,0.7038234382207702,0
104.0273160374556,8.37926070483159,0.6470784753868214,0
103.19120133117518,9.626296693129602,0.6293001432908503,0
100.0469065379521,10.568957047874996,0.5775847076348405,0
96.931205946908,11.536877215253542,0.5259862762518667,0
91.26526705117664,11.175064580985516,0.48152237620767224,0
87.21395871439621,10.314246285655338,0.459403042644673,0
82.51030711173742,9.474958232356308,0.41503969754253306,0
79.91596345496323,9.060513345875412,0.40719423372183616,0
76.65216724342578,9.077871429841137,0.38058197692357504,0
72.82229243800013,8.23719450692054,0.34846129699596456,0
70.63612397717411,8.67639098416356,0.3358436660762242,0
68.46502177299618,8.41529342079218,0.31333673679317897,0
69.2501551938277,8.4959399136931,0.3133443564794003,0
65.75343778319086,7.971674768526006,0.3034536487958369,0
63.76840917688726,8.323030673000968,0.29587286940144697,0
62.233745556055325,8.411303060468677,0.28353763055849696,0
61.558556069847704,8.939445373872546,0.27064434928090125,0
60.31544046206386,9.57864724581377,0.2612150974737219,0
57.63711319795134,8.902785579934275,0.23158744913975698,0
57.31238299293644,8.545053580439088,0.2316172409195665,0
55.378598744588736,8.743793075958136,0.23540496711612965,0
54.79129139975482,8.771315701960464,0.23703602878067775,0
54.788952888465836,8.768621597527735,0.23705512936363596,0
54.80262391551756,8.779196544565123,0.2369868762831637,0
53.538174476494824,8.690568986202555,0.23526805826700703,0
54.804375718780854,8.79430958905864,0.2369049959917112,0
55.52758570678747,9.120703861411302,0.23679026629310762,0
55.53586221724673,9.088463697688915,0.2351017741971814,0
54.85886769259194,7.929597350405309,0.2372384067149366,0
57.86668538726824,8.252841065446777,0.24236064441282368,0
62.01441486580992,9.200748605346327,0.27589280273020905,0
63.3483072491858,8.387886143925087,0.28840414707673445,0
63.421004913968645,8.475637391452258,0.2833804383432241,0
63.40060959981643,7.961897477471112,0.2889265310289287,0
66.49864875800779,8.879017406226183,0.3132503038361456,0
70.44378512431628,8.903768093637979,0.33579172730112516,0
71.42442096028698,8.515737133582043,0.35044434540474845,0
75.41570109495969,9.272372495227692,0.37051182665582627,0
80.542745339281,9.705364511243411,0.4028097870184488,0
86.9451727787934,9.560688113404613,0.4664206055976372,0
91.05754516559284,9.509853901713928,0.5108996101475087,0
92.59216259709129,9.73480486661079,0.526178079757408,0
92.58971877273447,9.736631774158553,0.526164351449248,0
96.5921598704819,9.945345379308291,0.5732329867497468,0
98.07161550388659,10.149869063652156,0.5882054843371685,0
102.4958705242721,10.28177003323294,0.6321708772851834,0
104.26959977373963,9.977544055582863,0.6447901266310985,0
109.03430949840012,9.272277716404057,0.6886153287762387,0
115.18058501417772,8.50013789934396,0.7426800935326594,0
120.55573234351444,8.45339063435072,0.8012032366540565,0
123.92543327799899,7.761493478206168,0.8234547979134611,0
128.78556824395847,6.886696455826989,0.8678067511720523,0
128.7915696452864,7.29697320317716,0.8678230383471967,0
133.82728230380354,7.240520348453571,0.9108644784740362,0
137.41379985219794,6.180170403366668,0.9478808749247658,0
135.19000568667596,2.868692619372968,0.9702028627800504,0
137.91778035646144,2.435896197037596,0.992386444138057,0
138.92868019441198,1.2658065010994601,0.985203755591604,0
141.82030721382566,1.6943311481365961,0.9999054795401013,0
143.3089660914388,1.2670935806443058,0.9930039746731871,0
146.30741180205985,1.9844895594011287,0.9930567544643192,0
149.54074481743706,2.6673459122200254,1.0146542535349845,0
152.84260795357335,5.4504773557637884,1.0366480354655985,0
152.8486067963082,5.454109215646969,1.0366780656083543,0
154.4746329045145,1.2646378436725607,1.0889719951295878,0
150.24922502737132,1.9900781535635985,1.066584505578007,0
149.88843464625793,3.5161813000880042,1.0590664549239566,0
150.1123253530711,6.0261919602325325,1.0663807838332504,0
146.08852220777956,4.247010451335798,1.051527641231188,0
145.00972004158803,5.71748892036958,1.0300272870668516,0
140.36455401129086,5.929687907871023,1.0228940314614041,0
140.5439080986057,5.9976815698228325,0.9998425940500554,0
137.00576784452787,6.119002849650311,0.9627278546607329,0
134.54236895116804,5.222847997368188,0.9260837830580778,0
128.96212654940587,4.533034231283077,0.8961859599764032,0
125.29266387072015,4.892365199608917,0.8673595393860232,0
120.74658006339486,4.601779902454967,0.8308004775384246,0
116.99640904931525,5.142272095528469,0.8014251496106741,0
111.10429925446266,3.9764975819454262,0.752072705863941,0
109.39946605051578,4.234749790461096,0.7389616924295006,0
103.54179154571774,3.4392293769792706,0.6864851370786851,0
98.03699277849593,4.537145637065974,0.6380221918832022,0
95.59434177545486,3.154757985244903,0.6350504783235755,0
89.51740576803631,2.8730263468335266,0.5928072403937759,0
88.78624112102648,2.164582990040803,0.5928124243890636,0
84.42005841186558,2.8730360534431476,0.5512801744685804,0
81.30831978745303,1.804765811729107,0.5293954218305919,0
80.87477579090773,3.286816686626546,0.5182403068229527,0
74.66071378817131,0.24317618834571705,0.47780226050202523,0
73.00447836214367,0.9392084856288979,0.45976758747148866,0
70.59777947803731,2.078634829946995,0.4336518066635382,0
67.57016028994497,0.9261876992331073,0.4113716392248725,0
65.93152479775945,0.9201811435355163,0.3968038311990514,0
62.87569482409219,0.5030002064623986,0.37502767572679263,0
60.136897998018526,0.626121903895363,0.35576675891061427,0
59.022594458867914,0.591477770555262,0.345941665665906,0
57.20346803299619,0.3584048085195592,0.3457269158892533,0
56.72775762665661,0.33654540394207955,0.35262300496974613,0
56.67416400072731,0.24759908792527083,0.34287066293072604,0
55.84361224687693,0.23860386156747648,0.3356438004948871,0
54.59926003910637,0.19773235297831654,0.32112792573905075,0
54.55320836113375,0.08984922728726727,0.31400084205506135,0
54.52800616977494,0.09581706775849183,0.31375501259671157,0
54.53981946143502,0.5269929703332216,0.3137474101566577,0
55.24823574160068,0.41973487490255795,0.3089008378892545,0
54.47707462007895,0.07034544435758305,0.30872976857463436,0
53.07648172379117,0.5927256466225936,0.3039817940566062,0
53.76196376450378,0.12285698605729246,0.30865328308232853,0
53.083699569461864,0.5880546641765746,0.30879554386136127,0
53.03581496154232,0.3451575066756823,0.2994139802772509,0
53.05368903106645,0.11421771189716888,0.30164042684116515,0
54.51505801213757,0.029872244631613625,0.30892201258333546,0
53.79558300039556,0.1377451043995634,0.30875778425918615,0
54.53605299592982,0.43002732249356695,0.308994689136187,0
55.29982359706245,0.47938855866077146,0.3187025858321647,0
56.525834595170195,0.2823937480514535,0.3334920850909421,0
57.78118483669322,0.17126655475168134,0.3454037742647389,0
58.61931418574512,0.20736894276166,0.35266897103032085,0
62.02067159104745,0.8161153245468347,0.36003768613157866,0
66.60818344081822,2.0035967914795676,0.3924462798665788,0
68.64022996752823,0.9160730548885497,0.414780396145165,0
71.79970051466692,1.9598365016021293,0.4223429120367919,0
74.57003221601106,1.562039052992444,0.45571093383388084,0
74.67826091549574,1.2084169305366743,0.45943912655567143,0
78.41844127633868,0.8401588960521744,0.48874301401356735,0
81.80781411385617,0.9019860111011134,0.5254917976992716,0
83.67549411915664,1.2674208899534345,0.5373546472875748,0
87.79613704264568,2.01187247023258,0.5748278331352653,0
94.54520224219513,2.0544247205388992,0.6338942893710384,0
97.61418087058897,3.5154372449497266,0.6493429322363159,0
103.41014852205073,2.342499123921169,0.6984836140968701,0
109.57367249331155,3.0787400187982783,0.7405685164812316,0
111.12230064030594,2.730611496323911,0.757215473097773,0
111.31415677403245,2.113271743033275,0.7720265598666751,0
115.51094470303177,2.4406690605505856,0.8075727788279775,0
119.06032560204078,2.328582482259846,0.8161112362080611,0
123.42025175151647,2.3386050836430923,0.8669136969467813,0
131.47152645176604,2.544237880075185,0.9182458183358035,0
135.40718716001297,2.2454227711708903,0.9776561873719078,0
140.56092577152774,3.2485342972449014,0.9852080402922091,0
144.14106037452217,4.892219381167479,1.0295379706397183,0
147.7947683806735,3.9716336308601727,1.0513359588231097,0
150.02187773268741,4.404234820083575,1.0594266480087746,0
152.45749418710767,2.8557576485329275,1.0585653900730518,0
150.77755821385745,1.1322425563779708,1.0589694978883153,0
151.54992494620407,0.7089901493753311,1.073572970436415,0
153.74242328817814,1.3964109330826906,1.0955330330330333,0
153.43928697271096,2.0255644595703224,1.110790545369296,0
53.764796901523425,7.299820240358516,-0.9030333783727968,0
145.17119501552364,7.1771495409803405,0.942446850583067,0
130.29185714494278,6.39768279054851,0.9336895582862662,0
120.38499310672708,5.609176708766337,0.8894510894095442,0
120.72518445660876,4.968861918304018,0.8479046570373728,0
131.91804235641666,7.729361128100843,0.9880749574105623,0
114.29203938182164,5.969449389987002,0.9235127053511382,0
113.7477829040946,5.926156422722743,0.9181528120606854,0
107.37081536556903,2.92726112000914,0.73458050536251,0
102.12068649200211,3.220318729239576,0.6750039559586948,0
53.832413509773986,2.0362699963524222,-0.7475243293405132,0
94.73326134749641,4.084869752000836,0.6789839030635225,0
87.42774963967537,3.4251593951371864,0.5571296611405511,0
88.79309201067933,0.17085886450661672,0.6627651703884887,0
79.76553387472664,4.946672956758346,0.5200242580449532,0
74.14328795779632,5.675247627655331,0.48295498829640404,0
73.62234659169644,5.26155801039612,0.4476379100850547,0
69.17817397969092,4.340338478572997,0.41706381269867393,0
65.6438351172576,1.85782786017812,0.3933481217358069,0
64.44278085163295,1.4671732902190144,0.3791875520117668,0
59.69057569752522,0.06712273084230956,0.3461235153245119,0
58.797131782888286,0.3892671623607045,0.342603305785124,0
55.75728475223743,0.2718668444652775,0.31443210017572565,0
45.596572325840405,2.5467007962389245,0.20593433598489605,0
50.27003451148315,7.424316119880553,0.21545972122243306,0
51.4356712556913,7.077748174111482,0.22370631087430512,0
51.875140504171384,2.8565265010206713,0.22503876820884777,0
54.72127893462581,4.650945819448629,0.2343866761093068,0
55.697333140148366,5.626850506363878,0.2391309656967856,0
60.766289355172994,5.537168406140621,0.25472994527741655,0
61.90754530028202,5.46704324855324,0.2644174262964826,0
66.58476589398937,6.418434312740009,0.2788630714150751,0
68.11190538386812,5.595222244862262,0.29659427298572644,0
69.31398739305477,5.665760216812949,0.32208796709822446,0
73.19288759194555,5.897762479113167,0.33019024592766255,0
75.50891561919364,6.073954918032622,0.3558252701167336,0
77.14521484681434,5.194135199449515,0.3779326784519268,0
81.11308638031772,4.77177019736213,0.42373227420115406,0
86.46108399685228,4.792822325872122,0.4569997277694596,0
86.45947531857263,5.058153070405563,0.45700611785065826,0
91.11448609376711,4.945072403181019,0.48800488400488407,0
95.09789617033549,6.617504395787065,0.5024920817490727,0
98.22282542292538,5.974188253008131,0.5379295928362912,0
99.0137992067742,2.8837209190009077,0.5667417598040289,0
109.61705162893884,6.542858740342602,0.5999873616772026,0
111.81529862870241,2.664697970659741,0.642853671102643,0
115.1496954338559,3.7348081116541363,0.6870698601539008,0
115.0993309300004,3.5654031065823313,0.6870984596330986,0
123.92591548334994,5.457600534813316,0.7386911860885622,0
119.69001522348151,1.4480789494956525,0.7583686573899405,0
119.70711527007535,1.1621583369479633,0.765771822106694,0
130.24140770441193,1.3117310453375166,0.9316888705870073,0
126.30682778924324,0.6385264574603218,0.8473227734623517,0
129.93769691498676,0.932806493963914,0.8627110501716425,0
134.96162704013486,0.8180998452983734,0.8448919146244152,0
137.3946893188452,1.5805021522290224,0.8490963064973962,0
142.29006354663505,2.637650500582613,0.910765337544603,0
147.87986591963036,2.499047579568073,0.9804841670775305,0
151.78694691788294,4.3621374330171365,0.9950359352349063,0
60.472197397007726,3.8585081346001378,-0.8157499072501125,0
59.956866798841034,3.753391936059819,-0.7717445088571862,0
60.54559190805281,2.332555616328226,-0.8496804181948,0
60.549360008211195,2.3606643888770678,-0.854491922786336,0
59.629727039029426,3.0760293953876117,-0.8077439183348654,0
57.03912731929601,5.872318254410365,-0.7426465733107817,0
146.20635813927177,5.40720956000403,0.9577627130016367,0
146.13161065577916,5.562208932005343,0.953232373587633,0
153.2147944434326,4.923103957964487,0.9606292480656609,0
146.0787230168732,1.9135055549202553,0.8975614128567373,0
136.95709992784862,1.4300679396804261,0.957175224524336,0
145.8224887551543,1.6049192091750433,0.9765573232247857,0
139.7085358795699,2.0299703618909,0.9939561617851825,0
138.79669269992257,1.7293975006654776,0.9758739431206764,0
123.0904307879851,4.024796331698088,0.969514965550293,0
120.58237801207616,2.8994545394286657,0.9045803729545668,0
112.33116312522392,0.5113032421798309,0.8531845976963186,0
104.23120556019893,1.9006904499634032,0.770465829846583,0
106.67712894367295,0.3208616236065096,0.7836489963051615,0
105.87413265432659,1.363398544679002,0.7659908538405511,0
100.65002322104766,2.067946273972389,0.7280310214238688,0
95.45133633018787,1.0325800595195622,0.7023575877259607,0
89.50433923084182,0.8395662444677379,0.6647383052435017,0
83.57873658093203,0.671702128044395,0.5045566505428252,0
85.20493174262927,3.677797998049603,0.6559585595259401,0
81.16671300722831,2.641486151876676,0.45482188559844794,0
76.63067854024071,4.077784405963802,0.42173920405206344,0
74.0318408000638,2.052463553266462,0.40562832991864956,0
73.11722827480237,3.6282246912331075,0.3897480626656379,0
67.26363966093969,2.3818892656997654,0.34438133669123294,0
63.94340163632673,2.3184269808895963,0.32553223251132846,0
63.77050918322542,1.8183702950718705,0.3254904604597856,0
62.95042193409115,3.9816516995349964,0.29711137703789137,0
61.831921219956,2.9707629571442857,0.30519689039703995,0
58.7106203187215,2.3801709145272176,0.2907697993850054,0
55.0372489856602,1.7608087783491013,0.28203540762229173,0
44.964787298230334,5.2578625853692165,0.2144617253948967,0
43.61897619194752,4.481094591759629,0.2095472342866309,0
43.60149257299916,4.969450351005758,0.20954802081383964,0
65.09538886185993,2.959726021970259,-0.8043100552971263,0
48.82954944275119,4.295020739693946,0.22470307512327595,0
51.10395946903568,1.983863808493933,0.21783856996295528,0
55.885424468452015,7.942986729827064,0.23803470427957876,0
60.97956180462823,7.2079196193304576,0.2547635901362264,0
64.46746589457918,6.640988692927342,0.2654058355565984,0
67.58437538297756,6.225239822234717,0.28908597390155744,0
70.21039962341567,6.137413056145225,0.31281037815034574,0
74.15296258074639,5.446891195442376,0.31907540580411065,0
74.16292093934256,4.905780911096548,0.3191051378019736,0
73.41900157990108,3.1997186222143132,0.3429273557250572,0
77.95097730786186,4.764146338344472,0.37608707276642694,0
83.94135900020399,5.4791372133039,0.41914306131476997,0
85.323249175682,4.884344140958383,0.4334117601306682,0
91.224129211586,6.201896094110755,0.4785715332281649,0
90.55628069006097,2.910289795873844,0.49993072216671897,0
100.12923631292071,7.673578802002759,0.5332980086091861,0
101.59806630961441,1.8137590343134196,0.6120563940710185,0
103.30406086570383,1.729915393193237,0.6392474829720792,0
104.1308664468485,2.0433281636916405,0.6425874114778634,0
106.84164879471939,2.6336072583388517,0.6448254652091688,0
103.60457709549337,1.9143528301679413,0.6140875813053581,0
110.53661773924847,1.9427651834431077,0.7807115465971589,0
119.20082512637714,1.2276216942965965,0.8435256004425964,0
59.5380020775497,0.3345975872309139,-0.8928488093988077,0
126.77645925560091,2.8975102266817445,0.920492445114701,0
125.19735423483448,0.4460724315773652,0.8307732981524818,0
130.1404300024579,0.7688159893089885,0.854977261243052,0
132.93159966762929,1.0866919787580367,0.8372757510782021,0
57.671893451168536,1.6625834321767938,-0.772564616365331,0
133.76368105554752,1.822533859704011,0.9550877674163468,0
138.6127079739895,0.7867207475424676,0.9194430198465303,0
141.05821232968935,0.6448878347074897,0.923818597653601,0
145.49535328093367,2.45829987262121,0.9604899399073087,0
149.1534963440971,2.163873644266682,0.9573498924736383,0
57.44870614853871,2.1567548988752807,-0.7311480168858031,0
41.23967896655369,17.371854401543914,-0.7116311662578987,1
148.73876714165314,7.311115089831914,1.0400667681683637,1
140.16539528302414,9.745133614401114,0.9491110975747714,1
138.4599311541016,12.44896076950616,0.8971703396059123,1
131.8827133977926,13.76967792793238,0.7978487901953925,1
129.1335970470683,14.915746221227895,0.7357680684027322,1
119.62473746526602,14.236449369292801,0.6446869586321754,1
115.53130597617842,14.40361356261232,0.5737992045828522,1
112.53671869007067,16.069419815598323,0.5193450408503414,1
105.547994569626,15.58339354039319,0.4468170048705928,1
101.72847485008903,21.473627781372812,0.39470728954840056,1
95.40081617919189,17.56962190435237,0.33858803578999047,1
90.23708178450528,18.369220239996995,0.29659605256515964,1
84.64850167382306,17.928583652516682,0.25792018940010214,1
78.21783874353551,18.62446923882967,0.18909022678796614,1
73.83919739489403,20.122331157667208,0.16825203962461469,1
73.83552754007194,20.122112632870525,0.16826588328631392,1
69.33676418766316,29.532721436822154,0.1244347075102849,1
64.32692653523505,24.692610262300594,0.07255100440541203,1
59.67907811457864,26.976074570337502,0.04461533662830094,1
57.22515719564938,27.940536904898252,0.027946963216424255,1
53.07583350376316,27.415957949274805,0.005537489174509721,1
51.79127004582235,27.819269565824797,0.011235729505117467,1
49.09459719200101,29.032906587608988,-0.0001311204662308921,1
47.584005657084084,28.0082563341911,-0.011174917640687726,1
47.5839574936111,27.708991683123383,-0.011206069836971809,1
41.99795514479674,29.172818442182628,-0.022076002479378274,1
41.42660708868691,30.13601729715194,-0.02766175271949886,1
39.94502565606004,30.399185830991307,-0.0335047063419419,1
38.93659689486898,30.334456257348208,-0.033496834540580646,1
36.091219317990856,30.16322112856189,-0.03960070490985292,1
34.68323972537549,30.59765479933314,-0.04491449841844293,1
34.55801419772269,31.221283939025394,-0.04477373578362597,1
34.09806765760654,30.415421355863366,-0.051738298895889816,1
32.52642962453528,30.81933306940049,-0.051556675591956785,1
32.52630217367331,30.86614137559268,-0.051301240326267324,1
32.60929697775792,30.833685307677918,-0.05103481874360222,1
32.020199966295074,29.790481678707604,-0.045840833437872854,1
32.47227471179224,30.13340071192509,-0.051004367825426146,1
32.13892742181343,30.631300483302653,-0.04459841572813825,1
31.893800198533064,31.556079852639716,-0.044353500718946975,1
32.63378354104533,29.55463656568135,-0.038994887178595186,1
33.44008610219573,33.70359835958888,-0.03306477311502592,1
35.23936369616198,28.868585007993,-0.038962806683227304,1
37.35866649205192,29.410700025062454,-0.033531342594044916,1
38.59771254994456,30.009297490564244,-0.044571294968336485,1
43.45073354691466,27.891442038686275,-0.016931413089975794,1
46.8663060124271,27.205690358908488,-0.005821673257871368,1
49.03390894726638,26.65499785452169,-0.011338837382030518,1
54.96274858662939,25.68850085203697,0.022663530394480068,1
57.69144443890288,22.59575341936739,0.045160211018779935,1
61.83045705316814,23.308506683673585,0.0768536099012511,1
66.97083015861956,22.205282291715537,0.09884293347919376,1
72.49394318349822,21.13599596863561,0.12699343769476112,1
73.86498854660984,19.751251443744223,0.16921090139265826,1
77.89573425161356,19.567741146727553,0.17944158564156623,1
81.77624322418912,18.48952759214228,0.21969512109610553,1
86.42542618634059,17.03462910416686,0.269197976149074,1
90.94272142308047,17.565329650915306,0.30592836638648896,1
94.92311446717541,15.123483377886544,0.36123106935965466,1
99.48259828590389,14.512700809164716,0.40456362520575595,1
104.46701929168412,14.607192549595052,0.46063903316192645,1
108.00420152584825,13.914132308451112,0.5192693878471988,1
38.68303056491649,12.636717067977663,-0.6514840422213274,1
113.642012458406,9.88248890691448,0.6256483960841012,1
40.01799909804609,9.920784830976743,-0.6571004995558223,1
127.20501256137112,9.853961811619808,0.7730952296169687,1
130.14531225648062,8.850568443257002,0.8284329742913491,1
133.1874288160783,7.745535136862657,0.8863330549368967,1
140.85839914487542,5.672611001403957,0.9483015620670042,1
153.8747252386924,8.339712132495428,1.1134039877284472,1
152.3881322866752,7.690263718783617,1.0715126545026485,1
150.34204357415905,7.473005902416508,1.0517357199151578,1
148.03594974008095,8.52168276914513,1.036529279782223,1
145.3917686228758,7.475344487857819,1.0701672593250593,1
142.71672867417917,7.9453628477035405,1.0432379948400698,1
138.98441115329902,8.37331076540192,1.032712626493657,1
135.94936561001572,9.308197426665382,1.0108084436956788,1
128.49644452564087,9.889539466266866,0.9944654419903763,1
128.49586728552626,9.888741713046498,0.9944682461845524,1
128.11941677338152,9.386388436058251,0.9775612510265534,1
123.84660909823779,8.263913841408282,0.9385895121666055,1
124.32524224719273,8.084132040584764,0.9437775993576876,1
119.85729560367754,7.967620489769778,0.8800579042348748,1
118.55773805861553,8.06257854259007,0.878959028576236,1
114.22818546265174,8.176931427782966,0.8715609932738174,1
113.02852924700031,8.14332000886469,0.8322554656719383,1
111.54271604756171,8.125536708904034,0.8142893803137483,1
110.18619314690571,7.95955687381459,0.8099799170050817,1
108.73041959916198,8.160499330745248,0.7999713082077837,1
107.17964624644453,8.462999740185818,0.7988798455418519,1
105.7653977971266,7.3826125507305065,0.7955233268180139,1
103.20004172221758,8.194765700518909,0.7716710171903477,1
101.76110772700552,7.88205055149847,0.76513192939595,1
101.76379991991904,7.887636575046929,0.7651693478212365,1
101.44440467872327,6.952766693287751,0.747509395860212,1
102.05905339641512,7.262087827816747,0.7444950540092207,1
100.56432947285518,7.552414972725861,0.7378994465768098,1
100.96574667001178,7.12904884946873,0.7363112351513963,1
99.67019303240257,7.55284805684757,0.7402629263670817,1
98.45315412760215,7.321182909848474,0.7318595704756935,1
98.42086311972736,8.753616944401568,0.7211938633193863,1
98.22652543164465,8.764832859527905,0.7252534600984392,1
98.15708943593687,8.829933369332574,0.7159795165869903,1
98.15693075632942,8.53230586177083,0.7160253138431247,1
100.05923273971352,8.590901719326741,0.722873318668638,1
101.0858708742326,8.283892734551994,0.7377811868070566,1
102.92192816973458,7.319751141692144,0.748829918387156,1
107.02534750376597,7.667768503656174,0.7757902310871638,1
110.0800350565763,6.778974166965572,0.7933166874739908,1
109.86132302978845,7.870836260074558,0.8117861749128729,1
113.29188211257824,8.096544230015251,0.83422816044109,1
116.41672445692195,8.871970282087796,0.8661420546666448,1
121.11679620884624,8.635627388703814,0.9183612324047206,1
126.52253755160386,7.2465515468048105,0.9297132182306341,1
135.11054308140595,7.332339402353068,0.9731526863779315,1
135.0378707814502,7.4009642099748065,0.9730358280847824,1
140.17033233202213,7.933897606223002,0.9946923028889618,1
145.399116077096,7.421622652103209,1.031986812263067,1
149.1444965326389,6.5886070288087755,1.026529724037139,1
153.54867618598857,5.476642311140987,1.0694878149975982,1
149.49210744415404,7.2383749046537975,0.9884803985916275,1
144.1844797639767,9.144003770191436,0.8089521591749881,1
132.61798584653042,11.041692373194516,0.8396521523286219,1
132.54903150984012,11.150338718883173,0.8388642660065275,1
121.23637009489647,12.968784767598764,0.6975917064496043,1
119.0978445824016,13.725541441127401,0.6372234704095456,1
112.50201663694426,14.116168574150016,0.5630761163932917,1
111.56120279097495,15.419889010981693,0.52153009163571,1
110.67372250322474,16.54307642771597,0.4806819544824392,1
103.05795193961909,17.54038198530128,0.39680386200008333,1
100.41958935432771,20.042294046922482,0.3479396884569299,1
96.31363275309292,26.54515769814739,0.29407638496537764,1
92.19418387899934,23.53912299460538,0.2646913552994285,1
92.62605046336166,23.72111735411726,0.2632868937048504,1
87.44743447197786,23.40458176405496,0.21506084608164405,1
81.53877796535097,27.505581017101875,0.12913784635814649,1
78.08686306330193,29.988435323644985,0.09291862612197997,1
72.62495104517924,31.14000462973855,0.054898012683574304,1
68.61490734510897,30.78651877218995,0.05350883897666592,1
66.4565679543609,31.315417434563926,0.016411306118170266,1
61.79222483960517,30.973769655321576,-0.010629061829962731,1
61.61144197299378,32.598207850446634,-0.021664254259363067,1
57.17148223396379,34.37111261411341,-0.021456483321076116,1
55.39531807201256,34.39292478374853,-0.03257513337161791,1
50.344939829992406,34.994170790382746,-0.06659199183303079,1
48.88766406918172,35.39034294874246,-0.07609657579279984,1
45.005231842179654,35.17738091219808,-0.08372944474067645,1
44.4955088830486,35.890650570861965,-0.0836569662338255,1
43.97899150083564,36.39661256938125,-0.08894150338843675,1
40.938910845973666,37.26351368234522,-0.08431209497046509,1
40.19757364524507,37.50925323396289,-0.07716881273787456,1
37.082916834901,37.560685994065345,-0.07005727867295719,1
34.64257683578258,38.12325435714338,-0.08138989755525165,1
33.80345749760704,38.67244020869602,-0.0834514870352306,1
33.21121375990453,37.75359398193789,-0.08346968463857216,1
33.59832363117207,48.209300326135384,-0.07716881273787449,1
33.63567191061358,47.62291846525332,-0.08247029493338266,1
32.94776489071104,40.80922138602521,-0.07543617456313928,1
33.44557185546828,41.028215257163225,-0.08780185480682133,1
34.165321560496146,46.87059995620127,-0.08201719395924105,1
35.878263285748524,46.601326712742015,-0.0876795459261794,1
35.264096322282626,46.470710070002035,-0.08300056401579249,1
34.76730208159099,37.612913381632985,-0.0823736951631992,1
34.66251486738419,38.298442263441835,-0.07611376011405967,1
35.45335312690852,38.02255411736644,-0.07058666881187707,1
33.928032773668505,35.80292969413206,-0.06643390170850987,1
34.23633154465474,34.81926215205144,-0.07158950238697473,1
35.367886620629065,34.91090414839968,-0.0655515017628419,1
37.745630881263644,36.308716270365444,-0.06581966063665681,1
40.883726603757175,34.2145626243637,-0.061361536619027546,1
42.301923223540285,31.674338821146645,-0.05532226906752771,1
45.16356898319931,31.78163095074169,-0.04395700452851043,1
45.906819841687636,27.73549824597746,-0.03991694056642562,1
51.26765824054604,27.09291381865221,0.005620160658875436,1
53.943100828579865,25.57662089814496,0.011251020002133676,1
56.377277611200974,25.608623230952478,0.039214842853865596,1
60.893593395985306,23.080776151454547,0.050223429472275455,1
62.90904133408323,23.092647652335963,0.10546017593711181,1
66.26215140272225,18.15100341673383,0.1136636523413709,1
69.3360468702112,18.836422070648975,0.15488164220558584,1
74.20088629219374,18.110406538518003,0.1889071969643257,1
78.74165492619164,16.771009839704316,0.22919833341413406,1
83.25395966823362,14.63980505193876,0.27853703811125946,1
89.62977550828401,17.980436526391234,0.3350077973365644,1
92.75664324641582,14.11849420521178,0.38396709661044326,1
97.61673388061986,13.160441251243157,0.435640882339523,1
101.6715712365988,13.532797458845597,0.4781872183129205,1
105.30755250698276,11.672459382149666,0.5333514853450867,1
110.20244764323942,12.31521741104633,0.5835067800166737,1
115.50635503501908,11.129995488813774,0.6498679983099245,1
118.67615124020324,9.601860775543173,0.703841985168283,1
122.55600176341983,9.422209434916127,0.7585327804447197,1
125.17897812673043,8.677323743124497,0.8173031492618278,1
127.077362231228,8.353113660813296,0.8485033598045206,1
132.30852831042208,7.008066841614851,0.9217425530215737,1
137.8997598882088,7.24859826896681,0.9490963733797885,1
149.0340176352963,7.205538319226472,0.8229724526584762,1
43.66065371482564,7.3908128662524035,-0.6661881394863228,1
148.14034801629705,4.632693741531634,1.0396935344161318,1
142.49545809423816,2.457270226338926,0.9830930832194094,1
135.85164634503425,2.9372268203452467,0.932606569554506,1
126.26574446734284,1.6103632059064124,0.8568041020615308,1
126.25779579389383,1.6186170981097083,0.8520301763769206,1
118.28118276161328,0.5599597230588349,0.7954734646877459,1
112.10510227427221,0.006911223665534989,0.7499231460804501,1
106.2849821609657,1.4991267477668533,0.6909126885124612,1
106.05471212712513,2.399247235283698,0.6419351377373319,1
90.7676565857334,4.790443126882825,0.5868084366240957,1
85.46975640113801,7.773219160836573,0.5624551878830826,1
78.19842311440019,7.7135874759875795,0.5080551139374669,1
74.67217666603214,10.776791351073099,0.47534759491086287,1
66.42749338611556,11.534828223130072,0.42470124987995106,1
61.58496864157478,12.39936704639826,0.3945048275862069,1
55.93623666851939,13.851265092812179,0.3531402587973919,1
52.819293825714816,12.482544618189243,0.32981423619123107,1
49.36746191618669,13.155687497961816,0.30475909763273235,1
46.993554357592174,12.680568529162604,0.281968717504568,1
43.511559259628655,13.94938724284847,0.2699489057402727,1
43.22490077624461,14.984452532299802,0.260693321459407,1
42.33170788207808,13.399721899313157,0.2618239785125276,1
39.34417910605737,13.809167189288036,0.24072567878860665,1
39.02923034547109,15.87176171215933,0.2292885093894217,1
37.48265428931074,15.761202010926802,0.20942717574876543,1
36.126798334038746,15.903678427813235,0.19997635673389771,1
34.792442434581915,14.867030629321548,0.1887404034492802,1
34.11706108744947,13.702446424915557,0.187297150484655,1
33.8174932156348,13.00471960611467,0.17666870455686812,1
33.35607665763623,12.72098595701515,0.1774942854869204,1
33.65910772618981,13.403890260074192,0.17744652597153177,1
32.490818134599046,13.51509963170743,0.18173033352077606,1
32.418998918703004,13.0440147686848,0.17854817708333337,1
32.48260264166506,13.785086934389719,0.17868068754534397,1
32.03850166883438,13.48572152885117,0.17873713828584042,1
33.30866271597174,13.43720445397995,0.1870847459477756,1
34.02916026557938,14.347109784711925,0.18629518930848857,1
34.66191942704026,13.722312847687153,0.1861584705240263,1
36.88223707116371,14.02818812440006,0.2126304929204621,1
39.82913552950493,14.129692432665639,0.21802831430781972,1
41.96734970721079,14.358280942481317,0.22643095608359445,1
45.39208482332208,14.212243934938739,0.2646200133418678,1
49.55035686785701,13.969116580701856,0.29940216204411446,1
56.20309465728093,14.542072141438247,0.34612095127738224,1
56.203111277933736,14.541037861974113,0.346114161171959,1
60.981748347660606,13.427957134351749,0.39123294207727277,1
65.83760675471153,13.986499703251129,0.434357115016306,1
72.76169404600215,12.748340952178758,0.4781292946290842,1
79.1128040536265,10.099718292786724,0.5247109363013794,1
87.93947747144695,7.078715415408813,0.5736799377317277,1
95.71552118386919,4.91212751062808,0.6180423310772055,1
101.98093497920375,4.430218127849075,0.6479359204309233,1
107.5194110113911,1.6744913527992573,0.7044753869668239,1
116.0999717996808,1.3394519804941942,0.7329642937154557,1
128.67898139784364,0.11293414927912196,0.7055652445162846,1
127.87523061425155,0.12306209759337476,0.7056304799065369,1
135.2340039316772,0.4365122470036678,0.7500212663396374,1
138.4999831091781,3.200166432244263,0.9356100065369036,1
142.26056310969327,3.1066030471003767,0.8160978886812542,1
147.40785844247435,4.45205979752559,0.8304664857911217,1
154.63252820257952,6.32712740101412,0.8639879666909305,1
149.0069368344891,0.9124783516805302,0.8977008427536527,1
143.05607430533377,2.457670878208179,0.8693392724573125,1
133.3006495882932,2.7512255293702017,1.017232477087905,1
131.03537749969732,3.446549466521083,1.0175498642747551,1
127.71212775168769,5.0283196071526985,0.8628088711018286,1
123.19992465503826,6.234990136748578,0.9017194151087604,1
126.90081651815912,6.569904293583123,0.7624501837524995,1
114.13382360722379,7.376541743562985,0.8350790699500538,1
105.1215799002591,10.713854708309038,0.8165889573336057,1
101.54089761904885,11.101132027588928,0.7735522319023699,1
92.69769616597343,13.783232163751839,0.7373680451715132,1
88.64755942475612,13.332452747969617,0.668423546132891,1
83.96635086630131,14.27873220744424,0.6443916382155781,1
82.16338155076899,14.234752102738867,0.61669852361479,1
82.1607746944056,14.23117778919059,0.6166961128236833,1
76.91524043914515,14.528183849165599,0.5769333262271492,1
74.48692842516624,15.509590111038147,0.5641753848698186,1
69.78621146272924,16.224356804125257,0.5339234307080021,1
65.23540092392781,17.787753723472893,0.5164824257411703,1
62.67690547085117,18.58629258326019,0.5082651970476,1
58.63427056196688,18.705666829857726,0.4424836273164418,1
53.06642494929865,19.173063703770243,0.3879592132713053,1
50.73944039160602,18.81073971256989,0.353490410594116,1
50.77459526953967,18.05348795876301,0.347737419084535,1
50.09954304740529,18.419303643029817,0.347816436995586,1
47.71681955371294,17.916722988102904,0.3261026372297159,1
45.48776970667695,17.734875087607747,0.3081670943354579,1
43.87634040154379,17.825281136072146,0.29018456260720416,1
41.82899147970552,16.34986523130779,0.2679153094462541,1
41.37041448950237,15.105959126250442,0.2607028718540548,1
39.669585384438854,14.373681182585095,0.22941340548380795,1
38.18182836564975,14.547940281807255,0.219707359759022,1
35.024166019313455,13.345691617769535,0.18140969904355875,1
32.978711470838185,13.566551642361384,0.17672868365695332,1
32.9713961564213,13.565762241382428,0.1767587047000305,1
33.63498879527359,12.781827856194333,0.17097937010272646,1
32.12747064266652,12.659839349081613,0.159312762973352,1
33.14496469344161,13.075719802597563,0.17566612441801768,1
33.82719621650826,13.541253367993537,0.16939869375826155,1
33.95130458991274,13.9572965412805,0.16942147607959054,1
33.499231715559525,14.073622350606943,0.1738184804198986,1
34.20222931970784,13.655309162117405,0.17812785425927918,1
33.908898970277875,14.502434405882205,0.1772399220658049,1
33.13920456448892,15.024419631867593,0.17741563722773143,1
32.82667609106715,14.951899756074083,0.17835023959347732,1
33.79987985494135,16.250289392483214,0.1764996465640292,1
33.4758304055021,17.14636788195718,0.1800001080286924,1
33.913474417154895,17.05599921281645,0.1988395900689988,1
35.62739699560896,16.47677363295368,0.21071569495837508,1
36.833291127516944,16.923260168871558,0.21718586997536227,1
39.80366876781099,16.0667433988818,0.22305005949887793,1
44.58593291607085,17.585044323189504,0.28574513009317803,1
47.67794740321974,17.254803532188365,0.30037764055536026,1
49.28819376607844,16.326522129749574,0.3115704738421717,1
49.28070986058591,16.01773399656956,0.3115575786989775,1
52.90537823876999,16.46011592852792,0.3462068037207059,1
56.8771500588282,16.751697950938468,0.3714526419152456,1
57.747155146956835,16.800266211538293,0.4003005387014461,1
63.75343344893787,16.39299347217861,-0.6492396033506491,1
69.97192963088246,13.98095872038587,0.47521869142194045,1
76.50002132683316,13.296905745019798,0.5218897046039607,1
85.76510403322352,9.8104645853851,0.5879171106499916,1
90.40194395735377,9.029034286082366,0.6208956731011965,1
100.17405665502346,4.633632901459145,0.6758917396299898,1
106.81828064549116,3.206108731133947,0.7111237149946827,1
106.82673299720683,3.208214728509017,0.7111042419361242,1
111.9578066131292,5.248142544561544,0.7471770189993774,1
118.5546367387687,1.1940174415261613,0.8022002739528513,1
125.64048871106492,1.19515411112339,0.8322231853642957,1
130.23458557989184,1.5162355469092068,0.8596740795126679,1
134.76573807519097,3.305815490514012,0.8988352850411134,1
138.94246256406612,2.0204924482403936,0.942913230794361,1
142.50184755283396,3.144358082623255,0.9711451651924542,1
147.9325625085457,3.12385484294903,1.0176667791115264,1
153.11532053721106,5.255204917186206,1.0511121875099703,1
154.0813501182023,5.780957668386826,1.051073148094437,1
154.99157349557828,4.798157125773327,1.062438916874748,1
153.56532570964384,13.115270833786248,1.015260672066335,1
141.3476878164516,18.70276151520974,0.9840127375533283,1
138.39224896067552,21.67220398756777,0.8974435232036138,1
130.7409087126143,23.0497984702611,0.828978453137057,1
125.96250840387344,24.090344930802853,0.75407383557018,1
125.96797451054034,24.09183641160506,0.7540652082572518,1
120.47636019073066,25.49943386437124,0.6767971418475914,1
113.36131147452016,27.687493451970823,0.5805594411043878,1
110.99988221631313,29.100217623367296,0.5156830950801136,1
107.13451016471413,30.521167499414087,0.46180847304566336,1
102.81483541517561,31.086966018998243,0.40760272036187717,1
94.00881802986605,35.47120312757839,0.2846422681222022,1
90.66808200896236,36.17676826820157,0.23075110826654935,1
86.5800697678949,37.647743311263355,0.17571912376216403,1
83.4352009686829,36.908749516240846,0.17160969328472211,1
84.01821528407909,37.0800959401416,0.17162100900200758,1
78.09936487717275,40.312666779090044,0.12049242293419907,1
76.68597586709473,41.736083845044725,0.1114996914215182,1
73.58674904589205,43.758011171740186,0.0746484721730153,1
70.3528688606138,44.30196988722049,0.05198852488370582,1
67.94521462552214,43.16235163756766,0.04457763840253613,1
60.80903182933886,44.44828574844736,0.0001420089273720524,1
57.8671229497216,44.02944920164983,-0.007128250969679902,1
55.233060199832664,44.045835528287746,-0.007539307995119606,1
53.92842833853676,44.43118935593873,-0.0005524504032888334,1
52.81928572231078,43.96813647239972,-0.007748390951513022,1
52.81829617714314,43.55066325256213,-0.007747834274240839,1
50.82541627987027,45.27681343694589,-0.007728734467699652,1
49.4511665740826,44.92643492416897,-0.0074633637312281256,1
48.93870980753696,44.88830380185133,-0.007319618252583943,1
48.48446854281109,45.318870305256766,-0.00023415338198096465,1
48.89974564435824,45.29197573855331,-0.007529678817493854,1
48.02879410870615,45.29197901681835,-0.007628819646781515,1
47.92097136337937,45.81714228347041,-0.01511279074297733,1
48.04107392075791,45.76068240242067,-0.007846840725256857,1
48.473618194904965,46.21020544928931,-0.014890384364520906,1
48.47480192700903,46.20795412231457,-0.014906074465146225,1
48.650869277461965,46.288306057870535,-0.0005374548441956273,1
48.00979427404813,45.79139965582833,-0.007669589151242368,1
47.46120931443058,44.832865503248065,-0.007435141063459572,1
48.54452598260629,44.95718086088144,-0.007603829516924379,1
48.56403607895814,45.37055339789826,-0.007654112762022898,1
49.429017908518915,45.36655552695134,-0.007545128947955647,1
48.531525551866636,43.63026962401514,0.007081904761904795,1
48.59610533028321,44.391009420215596,0.007074043175662546,1
48.98606831247169,43.92139129903435,0.007174003162856396,1
48.98185089310403,43.919883765213825,0.00718927404837115,1
48.704915393379636,43.41979281490922,0.007258165912909635,1
48.61537486333758,43.29258841775442,0.00011807454693645112,1
53.79467477298096,43.409115016132745,0.007563985374771441,1
54.032670700837045,42.51417597347172,0.00754926830754698,1
55.19429801557214,42.285893291711304,0.02255092051181443,1
63.49489676400722,40.429488528432785,0.05300399458179691,1
69.11314910305497,40.43077837595546,0.06785072839752547,1
74.09395525831033,39.825802614509975,0.10421555481059336,1
76.65558089666382,39.811322533527296,0.11942959680891194,1
76.65245198236555,39.80878344746427,0.11945854097136507,1
80.76405320180142,39.44834546268161,0.14376650849450268,1
84.44178908014779,39.69546570912969,0.16829082974536813,1
87.41503322583067,38.26014876981212,0.2061618298484087,1
94.53439305191586,36.18211722409064,0.27275504679402895,1
94.72679619613116,35.2048035523288,0.29348447798664873,1
101.00972008781227,33.95173309908044,0.35302471979118677,1
105.85387156650776,34.20299529717156,0.3983786958173884,1
108.37412652066237,32.903339246806084,0.41802704246810124,1
113.4840342242344,31.94028783903118,0.4813319569113398,1
114.29061606675988,31.940115756236374,0.4885712092719805,1
116.74159591874206,31.810212936921655,0.5228382692439563,1
121.03214953702084,29.546489738370227,0.5897567758032876,1
124.31879515328758,29.841054022549848,0.649247789464862,1
128.1119261085241,28.370379836526237,0.7107353308270107,1
134.66011338366567,24.74737983257598,0.8073582515644792,1
137.31896652175084,23.88218877029812,0.8665456676686896,1
139.79046197825804,21.8986941903434,0.8963582468769847,1
143.91421692122236,21.14335716049005,0.947442369335304,1
150.03136595712692,21.185477350683435,0.9627572439751005,1
152.8295621165068,18.860068283896183,1.0074536926867836,1
152.8292838015736,18.860930463454014,1.0074536640784824,1
153.28689601229817,16.76925739709346,1.0076608359613102,1
152.31048800201677,10.856244065258055,1.054027858547257,1
150.01436179790537,16.32633655004452,1.0317548408004538,1
143.47319767861566,18.581413941729014,0.9687344240331436,1
139.53536861907386,21.14029988569969,0.9072173107820404,1
135.02836261980872,24.818473225428736,0.8229879011046818,1
128.35819818322156,26.175350812645434,0.7537444985807221,1
126.10431544719671,28.12169536184583,0.6689153667568449,1
126.11141314944376,28.550886749235517,0.6689550635097279,1
122.79689221395675,32.17819680350873,0.5680275002320042,1
120.20086162964235,35.507477143376775,0.49234338216808005,1
112.22558152922936,42.42790792463165,0.30831037473044415,1
105.3641676996068,44.96968499958127,0.23118330774534934,1
98.19462707754568,45.58295563689952,0.16996271619690084,1
95.56402228191641,48.653494409548124,0.09758867860815648,1
89.47820495369032,52.280260054951654,0.04479692821063695,1
85.19731221052085,53.68789711181447,-3.837637243411173e-06,1
79.53687028356266,55.32308025258899,-0.05270893051062732,1
79.53390059748413,55.323084741714105,-0.05270004259286976,1
75.10723693080375,57.77214460504326,-0.07714022104002669,1
70.67008921289944,59.1286623066809,-0.11432545526801793,1
65.46731642958615,60.670671091593285,-0.12231278099408602,1
63.35457334228516,61.17789612602683,-0.15244966652122413,1
58.07221449497346,63.46988998316554,-0.16255740635989288,1
55.581050985303314,64.13104859517536,-0.17026259365629434,1
52.488242714798034,64.0446005828174,-0.17754872800911273,1
51.492295310747195,64.43340481618276,-0.1687346179360263,1
48.691548580072734,62.84805222064074,-0.16159962306378461,1
48.693096822165586,62.84630711476361,-0.1615356527270086,1
46.615312687415354,62.66385890842777,-0.1662645198211993,1
44.65598493154918,62.184806975369554,-0.15264136020602567,1
43.79724702905277,61.588187569634464,-0.15395488544672822,1
43.013533941313526,61.62388638419344,-0.15513400364834967,1
44.094843783284105,62.74188807788328,-0.16872941665979743,1
44.07502073210388,62.68064560915586,-0.16734309150820667,1
43.527949705032704,61.228307009469816,-0.15892081213564466,1
42.93732567106246,62.14470481915888,-0.16883565542718285,1
42.5795484020451,60.66722338380607,-0.16771209948884178,1
42.57700526684683,60.66925667603815,-0.16776340139711932,1
42.603427893951725,61.08298872648268,-0.16635154102239902,1
42.8272925605555,59.663542395127955,-0.1591263228305964,1
43.22975023683324,60.48445342781859,-0.1427568156699006,1
43.169633002860415,58.9101768826522,-0.1331647177579422,1
44.27794435204085,58.94433195221545,-0.1260861345332174,1
45.28354929049365,58.3653738129996,-0.11080790943486873,1
49.70780954311105,55.7990440434607,-0.10250151849961062,1
52.401527479446166,55.35123592942826,-0.10226921343123994,1
56.95341011965556,52.16204935423374,-0.10241178611768852,1
56.95619879649772,52.57508611114625,-0.10241669168417893,1
61.41440424507593,52.03337870993517,-0.08097659841987734,1
66.15555632402747,49.94398466640256,-0.04379572920857735,1
73.0621866782364,48.27754951949016,0.007186338134159887,1
80.91814021233424,47.31754297489542,0.0437978229609817,1
90.37583957541798,37.735986508632266,0.1749787633567309,1
96.61376456615086,36.390593651292754,0.2481623468311893,1
105.41950840960467,35.11830408819172,0.3404452861734907,1
105.61539088233363,31.292896050608835,0.3986126526082131,1
111.95946881482088,30.173819872539443,0.4784004497440601,1
117.19690964860143,28.904877897345546,0.576350936015647,1
117.2059479990197,28.880293620251887,0.5722935908769775,1
122.47123526623716,24.299286927712334,0.7206670570218899,1
126.67326601603315,22.889220471659744,0.7924851426756796,1
131.52113903062457,8.57394161473294,0.8380475387497257,1
138.37439337371728,19.85280618357383,0.9407610175130817,1
144.41419623968523,4.420507471875056,0.9713517830378925,1
149.9634659142518,12.480824460607778,1.0291538782442862,1
149.96188118131406,12.89610670378615,1.029187836166694,1
149.80843718576557,6.729945383253696,1.0781239817235213,1
150.28549964530987,3.543848751900437,1.074521693754499,1
150.29092674118553,3.539530328644166,1.0745282947005994,1
140.9227411156546,1.5152956916128786,1.060467883393786,1
133.033079386087,4.239321448873924,1.0152771392280777,1
123.84114125680013,13.124692713227747,0.8626292063912601,1
115.78598572859113,15.574401160140276,0.765194994044212,1
112.42592482797332,18.790919676881536,0.682117361342068,1
102.80878424320065,21.278024701033765,0.5652739784745114,1
103.02891681324506,25.55266499493749,0.49978596983156415,1
94.0241899391146,26.140100889104627,0.40623155812877804,1
89.10143185418521,27.620805944600225,0.3202832502003564,1
89.09935442452648,27.619813561288872,0.3202527860289866,1
85.66760229126507,30.202716369722367,0.25567113921345963,1
71.79909456763117,34.98130474434687,0.10771308971247714,1
65.75287393542806,36.616489279461014,0.083437423865671,1
63.81494349409561,37.87842839566107,0.059890514871857876,1
58.62165805179107,39.8788781776052,0.029827544514856152,1
56.72935752455045,42.33960681353365,-0.00017788846393319396,1
51.95669201537939,42.43728833284294,-0.007595675186053683,1
48.97462571038082,42.20054113967924,-0.007394482900496294,1
47.95241232844456,42.21389731296179,-0.014899651880879567,1
47.954888350470966,42.220466430448184,-0.014972461570937885,1
47.52252047574707,41.8133118223153,-0.022338694824728354,1
47.58866264778403,41.47892902945416,-0.015028154153919527,1
45.38680997052779,41.88149507413634,-0.029413988657844996,1
44.13751532086228,41.55704417609038,-0.03728881982846608,1
42.753111257720434,42.744309260199614,-0.04437193016950952,1
42.722775235849554,42.74229075827664,-0.051795193660107916,1
42.73404408045655,42.77340668731342,-0.05202132889611619,1
43.25738185993272,43.730536817232476,-0.05227483149749104,1
43.19049199761796,43.676387498413646,-0.059709283496218374,1
42.408380074207976,43.68372807692046,-0.059615516492559466,1
42.91285409789632,45.48273121851942,-0.052590167457962786,1
42.438486441525704,44.136701976698475,-0.04490996293375689,1
42.440516402081855,42.85459047509172,-0.044736324579450586,1
41.641117865149404,44.55965105183044,-0.052139093461753876,1
42.12991308528111,45.07975129027262,-0.052085634832958756,1
41.64343810876399,44.999942435873834,-0.045095162796014325,1
41.64235120385467,45.415968860926604,-0.04495084216142059,1
41.63866619924789,45.409864100664706,-0.03766194177716806,1
41.560228753589186,44.90993509921306,-0.05224841521394613,1
42.156953541701206,44.344781876005825,-0.04523957589577047,1
42.13192262901535,43.50257538274681,-0.060386361351491474,1
43.43232798995039,42.956042912793436,-0.03061296053861979,1
47.376678703579245,43.16119518067018,-0.023093347463900786,1
49.63364759272285,42.631402233578804,-0.030723142280540527,1
50.735761443407014,43.54528327680907,-0.03139930923912606,1
56.60441149739741,41.85869531227788,-0.0001994073613221959,1
57.566785007008846,39.91982024912432,0.01579073291331039,1
63.76111478946739,39.04621168659165,0.05457395382970913,1
63.19152935239413,34.78406114122132,0.07030349443387462,1
71.33152556361,33.172098173369044,0.13278062903013554,1
71.33163162314034,33.17415694215291,0.13273302254355784,1
84.3701690110609,31.338834363763095,0.26124463536165415,1
91.28178607523516,30.8233851380932,0.32529820188712844,1
95.90750030963618,28.12734159699355,0.4032230630174483,1
104.21671173501,25.955737751171018,0.49604746932844,1
108.41286689733722,23.609837497225566,0.5834432041819229,1
118.33673473597736,21.96966075210075,0.6940461993896468,1
122.9914297198243,21.826662297948342,0.7652477223158903,1
128.9270461935728,16.14187864111804,0.8507033455096733,1
134.22877992343817,14.55753736781408,0.9328475050189137,1
134.4858920550089,14.38685029743369,0.9255980517466966,1
140.95926299130312,11.066585244205667,0.9852383764118778,1
149.17026356132732,6.807060006353794,1.0360632980657292,1
142.5805480448337,2.3630421877338166,0.9893890561744669,1
139.96261573177318,5.884377900271735,1.0790748048649927,1
132.0129811365953,7.495046569722997,0.8472385665288714,1
129.49339101224277,7.598700527540333,0.9217258909300343,1
121.95487234780637,8.343786892296308,0.7711615222889179,1
115.42128605784492,8.271790969291759,0.7290778750870629,1
110.0974975646424,9.110680171594447,0.678489404761604,1
105.61005389507304,10.447621798370756,0.633712146094725,1
103.37428357288886,11.847619786188195,0.5899198138006012,1
96.86510622810921,9.436053100453572,0.5643230594674639,1
92.94021395100455,9.79621106032443,0.5072532332040217,1
90.08679934946504,8.644077958468586,0.47795893569447284,1
85.72766219003468,10.810840843151041,0.4355470773273367,1
83.107260618727,11.434074757902712,0.3940941446844033,1
80.94585936611146,12.829931590433551,0.369033607302768,1
76.98463655091798,13.938893145704172,0.3301596240826455,1
74.85676327390897,13.675704128986007,0.3019583564966896,1
71.04307950720684,15.214591081980801,0.2660875905068383,1
66.10119830208474,15.769421282343627,0.24393984662882184,1
61.914011931354416,11.979139389817671,0.2500232637901101,1
60.24814802201788,12.659100302801965,0.22445041136133387,1
56.505230151806906,13.136171889683137,0.2192565335837396,1
55.160515544728035,13.166094070411841,0.22095206879783785,1
50.462925716493075,14.39626724203673,0.15707963419262072,1
49.91375040280276,14.735187055645879,0.15625398783444638,1
47.05545525698977,16.614926979421686,0.19797149997341423,1
46.451944104562834,16.993594611882614,0.20872091555872135,1
42.39703452688981,17.691944278577363,0.15892914639030617,1
42.46632507896225,16.98684798572762,0.20317929531603637,1
40.38899701058258,17.154720474903176,0.19245205759912642,1
39.21625432576987,17.258543293603438,0.17687730874432508,1
35.553198545414176,18.40787291425997,0.16487495407363362,1
38.134299612449574,18.32769876333522,0.1723130841121495,1
39.10835830203589,18.994672379411654,0.17220764856855217,1
39.4884500388992,19.29653003963334,0.17039472023470603,1
38.515378910904424,19.456210438649393,0.13222590192690717,1
39.271940997826846,19.530333413562563,0.16274915526258354,1
38.66480602882745,20.78362323436405,0.0722743977133524,1
39.24942201997098,19.38030218487146,0.169337584486082,1
39.22097346143317,18.612977586207045,0.16662755497148748,1
38.79149399348469,18.019772334618004,0.15072977921255706,1
39.17698559993514,18.130779133867886,0.16484225346582407,1
39.62097302281448,17.348830593973478,0.16570796847380295,1
42.12557472982932,17.87498117958172,0.16098410956975262,1
42.54448320375365,18.36539923904647,0.16190667264616337,1
42.93846303455698,15.833135506005144,0.17958421343832445,1
41.82113341616773,15.148112935022139,0.12640478278853226,1
42.814357157815714,16.80487992425413,0.16305317156956922,1
47.15035306818327,13.362627204403271,0.21675446446418736,1
51.98983899523653,14.62694521448414,0.20807339164317687,1
57.597442033397066,13.17248637207802,0.2171490884342518,1
59.91849568784003,13.238763537637247,0.23110660835887495,1
64.71329385830431,13.060624502201685,0.22129492165932538,1
69.59633018229485,11.715633330004831,0.24991901840490793,1
70.28894681956874,11.894639400618427,0.24989631621957886,1
71.58283792837987,11.12624269570057,0.27283872228191863,1
74.07137302373634,11.37769605352631,0.3062705303391093,1
78.09196486062976,8.86130430746889,0.3396160055491375,1
85.70045487957353,8.646882029291874,0.41609763007248507,1
88.13298626114621,6.357280236046883,0.44976847781489937,1
93.17484805901294,5.3912132379571,0.48325368199212193,1
96.81838171498778,4.1264894423814376,0.5285512882839087,1
99.80697514460422,1.7875724371682669,0.569404351967177,1
105.315314221319,2.800039191839512,0.6074510254074399,1
106.9157015713667,1.9711450819933922,0.659867244102928,1
106.48375242302706,1.884174583715637,0.6549828634717609,1
116.84826992632915,5.728121925669016,0.7112875823134885,1
118.76972925125182,5.86827343522127,0.7559650862342662,1
120.18527362202445,3.066993898377382,0.7799381675921991,1
124.34583514230138,4.272711386297916,0.8284496860772909,1
131.99552178057942,6.029348778012756,0.8564733865374662,1
137.63544631885935,5.592133509365102,0.8797821984801008,1
144.278620840896,4.074686464586987,0.8899538940931688,1
150.62853260446664,5.72329267569878,0.9187154883347213,1
149.49880616774226,2.488146312709371,0.9568493267781824,1
154.61842530257118,2.5264128562768255,1.0000024421992493,1
58.1879223822855,1.7453484145256053,-0.8928137058458092,1
144.5447439742327,1.734906471137986,0.9263250191804843,1
149.6047727584736,2.8506383918711595,0.8942754601888312,1
60.359888320829725,0.4843707105045534,-0.970393548018945,1
148.99572906804823,14.796804615907305,0.8513270861689876,1
142.241372071616,15.477386664217548,0.9494783511422361,1
134.97224332999676,14.526887716285218,0.8989443920288835,1
127.04381749494269,16.967234212350984,0.9175690528098595,1
116.10418442928105,22.612832994838087,0.9096069519867652,1
109.87584840248724,25.83570680718834,0.9253833546264097,1
111.28013006185981,26.319437579808547,0.89034018940561,1
112.52993931422,25.69514436327474,0.8965188809621631,1
103.66062260547864,26.75518539159682,0.8963799102446799,1
39.699533962234334,24.226082672115094,-0.8608178873542541,1
77.09840179620596,23.06122225545532,0.6630085683807253,1
69.52060446133885,23.009203129126714,0.5815739389534078,1
65.57247012407693,23.079857015895406,0.567308767733776,1
57.198075193778095,23.444042179708486,0.5055941100898177,1
56.170608264197654,21.430360021428783,0.488343849829712,1
54.770721551699296,20.69980067805633,0.41547542700085066,1
51.65649119053774,20.35143011989522,0.34130269929345697,1
51.65471871233103,20.34739781863622,0.34130760754594747,1
49.73854371278226,19.461420079880423,0.3182900999100962,1
45.620694788384284,19.874131487179042,0.27497639282341824,1
43.65491855119224,18.514816100965312,0.29639624848646545,1
41.645499991338454,17.709953386792062,0.3145085892913476,1
37.51542796888289,12.696188041133453,0.2076616895994822,1
34.700775609055846,11.706236683188882,0.18192729342473202,1
34.11235332422593,10.575216820807496,0.16551056245588042,1
34.34417595091443,11.5414607417136,0.14956387263980833,1
34.4621694320918,11.051680773930288,0.13413723122128565,1
34.24901334197713,11.296598068799398,0.1408094751940073,1
33.74477251668806,9.527529897716462,0.11484702320177448,1
33.433773646968156,9.87518295518374,0.08804353060143491,1
33.39257528037264,8.69151434779363,0.07076165600888647,1
33.79412772813908,8.923688681574607,0.09620399789274603,1
34.34567371972388,9.41729321022251,0.12092356408347447,1
35.69906819307642,8.574491297299815,0.12346538771805987,1
35.66403894752958,9.34042657638439,0.13288581498195812,1
36.42202839810169,8.920494183139988,0.13493261354242342,1
38.026379759876825,9.317439507597934,0.14807858954765327,1
37.69507218624397,9.037823172647343,0.149092627179645,1
39.55814162882484,8.343099668193528,0.17143590551364846,1
42.78159713944842,8.905023121741298,0.20432651633935328,1
44.00458941995306,9.54251196218014,0.2032490147057217,1
46.40816108007842,10.847766366550909,0.257497768703158,1
48.50367286383938,11.36389794679633,0.2578984203159367,1
52.16350132899336,13.107544926924923,0.30425025322616717,1
53.71840041048648,13.996045327638548,0.3299926155281192,1
62.42122002816895,11.18722818344462,0.38135292214028066,1
70.1026016062885,9.973263111952628,0.485388495865795,1
76.0738468823632,8.9865178568636,0.5232523287939533,1
76.41161217744747,9.078159768697999,0.5383992800323745,1
89.7441301329406,5.534449246912002,0.6090383365080813,1
95.13402636159026,2.9319134118207546,0.6589400260833134,1
97.06402126535272,3.477301429503633,0.7195972548592415,1
98.96824443689752,2.42696396879687,0.735131877525167,1
109.22027322475526,0.4313598247803366,0.7332855040366602,1
118.90750562802796,2.422248843031168,0.788595526754024,1
121.24604524553052,3.3965424591265365,0.8342943978252817,1
61.706391011147,0.14720761853673325,-0.845559781982249,1
64.83000783316153,2.5005854045350246,-0.8477899239543726,1
64.21632426441815,2.1893068242173825,-0.8661349327653656,1
142.46596561314504,3.533396463107352,0.8954202430707727,1
148.7984977193187,4.699739119351254,0.9667771730961745,1
145.65546112132736,4.599466070700519,0.9261052779789203,1
152.95843741653007,5.222984861498105,0.9998995081186862,1
153.94942310469727,6.538063830172341,1.0000024777436674,1
154.4661958082049,6.655850038654663,1.00004753945775,1
