angulo_braco_esq,angulo_cotovelo_esq,angulo_braco_dir,angulo_cotovelo_dir,altura_punho_esq,altura_punho_dir,simetria_braco,label
25.769247784515322,170.9391838691576,26.422978234264868,85.7781447563585,1.0398716369910688,-0.6838050512709354,0.6537304497495455,0
27.35771412311376,172.6690567638445,27.368505627204716,86.1532488089012,1.0293021680216803,-0.6614236111111111,0.01079150409095675,0
28.771902541798312,175.10424500832724,27.125258196198754,87.79081567926112,1.0001111638426776,-0.6678381625471912,1.646644345599558,0
31.04777201083566,176.03848508487434,31.648061241739796,92.8481717280484,0.980310242823401,-0.6611083681891436,0.600289230904135,0
34.557655410195835,174.79536590536804,31.465845756556565,97.08680467068697,0.9142765463790293,-0.642279212124204,3.0918096536392703,0
36.897434500642795,176.80503658955453,35.748637482490835,100.30075396481035,0.905587634042248,-0.6362356665677685,1.14879701815196,0
41.137303940742314,177.70809557711124,34.838921840261,100.3176617697935,0.857120995463349,-0.6419501182293732,6.298382100481312,0
44.66744607767142,178.1619131833402,36.32465535780352,174.28146000156843,0.7958545376590426,0.8149220326076,8.3427907198679,0
59.51743626847128,175.33014805472953,45.79605672933153,117.86933677741888,0.5672742763615166,-0.6195028013821314,13.721379539139747,0
71.77748602232568,174.67542081541797,65.18692660062031,135.92293895514868,0.24979274895460754,-0.6387252939309915,6.590559421705365,0
70.21607954229378,179.61702649834237,63.39000264642355,132.44796426581814,0.3169008467704415,-0.6483484985444056,6.826076895870237,0
65.55663336022842,176.2161823282589,57.31266093659017,125.8127513177983,0.3941862676462796,-0.6383910961185036,8.243972423638247,0
42.87393904041628,174.44724816553583,39.207799981162076,170.86502449249517,0.7429052041122,0.7047499991770333,3.6661390592542062,0
42.04242314508433,179.02565221921685,34.22890765040288,166.67286436007655,0.7621373726632468,0.7147500343625077,7.813515494681447,0
37.82342518861386,174.98252451962404,31.676985683601544,101.00090166446637,0.8174599022189666,-0.6385373870854957,6.146439505012317,0
36.08000959946212,178.4634463376573,31.989038417090164,97.06984321909614,0.8448214851722594,-0.6541605384038733,4.090971182371959,0
29.765489825438838,172.71422925886432,23.047632258776908,83.8807905962815,1.040693750011015,-0.6983868778958388,6.71785756666193,0
30.967556800227204,167.83696896242546,24.222767763308923,159.5324100325447,0.9993309433613913,1.010062950607529,6.744789036918281,0
37.29394141291596,171.35561734493882,18.874634787082872,86.46939700922435,0.9222007278267041,-0.6644044421253612,18.41930662583309,0
61.154768348382326,166.1616510363524,47.054403248495134,118.04732086756505,0.45686951855516256,-0.6546216021330471,14.100365099887192,0
63.07811334119352,162.36833718998778,53.81550320486732,126.91981033224923,0.3848990320531187,-0.6481423807922132,9.262610136326202,0
83.95866275720032,163.90389151242317,74.34398235125558,154.43212966957748,-0.009638111307224844,-0.5857607313339163,9.614680405944739,0
90.39200687568172,168.85911845543052,81.95031156993842,164.34865606177053,-0.09922371085972252,-0.5891721008981362,8.441695305743295,0
56.81542155394908,166.87357101591644,56.091570624824655,123.97472907504374,0.5385176531973831,-0.6484498719650909,0.7238509291244242,0
42.978372103505436,170.0069273019491,36.569120602429265,105.00211991195569,0.7840925450742274,-0.6606929024499716,6.40925150107617,0
37.932458056497,166.7040313624577,33.358250815223776,97.70756134879221,0.8426987040643369,-0.6611160853069408,4.574207241273221,0
35.68774927570858,167.94408239596987,31.340136374542908,92.27985988415048,0.8741831683583804,-0.6549139147994032,4.347612901165675,0
32.29115300842279,165.4147360114164,29.607270772724622,88.32925515429271,0.93092290352979,-0.6676799912435075,2.6838822356981673,0
30.4870420592857,167.14730136699083,28.511616619437007,160.2189671482336,0.9705671851641674,0.9998992084902024,1.9754254398486921,0
27.66171428926344,165.4762358763301,26.03563263351432,158.79171958670813,1.000154000944539,1.0301431182111251,1.6260816557491182,0
23.615099994867062,169.6554842532802,24.21075112071131,81.67208229544806,1.060820668905193,-0.7013958212622776,0.595651125844249,0
26.196708568163295,172.14984336614975,24.890673925795266,82.57048444409833,1.060467668993174,-0.7015148329024395,1.3060346423680294,0
26.19700105047185,172.15519947325217,25.65923263940113,83.25899591765719,1.0604382756550752,-0.7015123965211565,0.5377684110707222,0
64.0244330674718,167.3905746813375,51.85375039378551,122.66934646660697,0.45095328375885035,-0.6610840309510134,12.170682673686294,0
68.63935211440301,166.83098350574141,60.10849777355731,132.85193749419173,0.317283653247174,-0.6387202338928711,8.5308543408457,0
73.16895503501685,169.98197933416031,63.75075618080594,136.15954627376223,0.24771285162695592,-0.6228553614113939,9.418198854210907,0
73.10798892180766,164.5686816119561,73.24920732161516,143.66169405815455,0.20562366038451757,-0.6021554942903621,0.1412183998074994,0
76.17826412761828,168.2287949968697,76.0170446600027,148.0755688422472,0.17400735812778287,-0.5820363087623857,0.16121946761558092,0
83.6944991546909,166.2975838402881,79.34668506568629,150.72873336186893,0.02730264191248077,-0.5586702478559985,4.347814089004615,0
84.41991503427316,163.38896020072053,82.13225773622715,156.62169557673565,-0.018130956175736672,-0.5583538382542526,2.287657298046014,0
81.82544751757871,166.40607273984517,74.44785317785468,165.79547614936985,0.04613792678801759,0.07399164996045696,7.377594339724027,0
75.3583397397828,166.97849436210146,67.43210227137087,142.88258641518777,0.1687276156397446,-0.6020944817808667,7.926237468411941,0
49.990080883222376,170.66096498060054,48.510493046026546,112.63477193040323,0.6795539345155747,-0.6545650442292373,1.4795878371958295,0
39.79945987221737,168.84830580230084,29.334752048789333,95.35378264677944,0.8415296480916598,-0.6677535795007042,10.464707823428036,0
34.544669891907304,169.18134488165416,30.6900127324121,91.10160298438585,0.9309237483725377,-0.6680387819311923,3.854657159495204,0
31.90364605131487,170.86621664270382,30.327675657489976,90.10136160045204,0.9993349226091763,-0.6745534480375899,1.5759703938248926,0
30.07011519395779,170.48098086054713,28.841275113170447,167.48116392541675,1.0003973261676424,1.040470261431981,1.228840080787343,0
35.12812021713848,172.54855152392548,25.476104167467255,91.9371473015256,0.9209549058003187,-0.6779562565817444,9.652016049671225,0
40.899204420922935,173.305080369783,31.732902006629853,98.54536179510139,0.8670233151925401,-0.698267241462858,9.166302414293082,0
52.50972592541885,168.3983218070746,44.9204874786645,115.80586606094761,0.6111062627130591,-0.6644566363007768,7.589238446754351,0
80.82459622461803,169.3529350349694,73.1352958558429,169.23918009122698,0.018889670891633813,0.06526880088846986,7.689300368775136,0
80.68849544237037,165.1101743881263,79.82815352460895,161.2425138892969,-0.0003768032448676197,-0.5897414538065691,0.8603419177614171,0
64.42465315285267,166.1015087017102,61.93217098999003,136.87899257182957,0.30174195693848543,-0.635953658663815,2.4924821628626432,0
63.00692528625987,169.93238794499277,55.96869372928372,132.07540715151862,0.3808310942315526,-0.6421069090520062,7.03823155697615,0
57.4291491981333,165.0693688777375,52.293561131905584,128.22671148811665,0.44209630198708494,-0.6483038142895705,5.135588066227719,0
46.442555980853264,165.4172764368265,41.652365675193494,110.95278988252159,0.6894891303162646,-0.6547207364830351,4.79019030565977,0
42.41423120321717,168.39265631194186,36.98499257203381,106.3524187296538,0.759958976438879,-0.6489335619438319,5.42923863118336,0
38.99967553577926,167.85439003604142,34.14734858045382,101.18489138825885,0.8414370446498577,-0.6677257480759975,4.852326955325438,0
36.99895320541429,171.8390753798637,28.77539176234411,94.54238640335029,0.9013538295208053,-0.6679764747743618,8.223561443070178,0
32.811161735518475,169.8529064282854,32.21646362685649,91.95282784311215,0.9406721090483586,-0.677878463359724,0.5946981086619871,0
31.42095161471621,174.18338466440912,31.297528367836513,89.90215126111893,0.999783991712194,-0.6943387683898655,0.12342324687969608,0
23.22069160687714,174.19811172652322,24.8472957951556,77.84194088525783,1.1644873890331058,-0.7362344076602321,1.6266041882784599,0
19.949492300724202,178.21926311369302,20.794143014883737,169.19869650424423,1.0982382499887777,1.147149871135876,0.8446507141595347,0
18.303944176429034,178.2535538765467,21.444009174680545,169.20949871417878,1.1090271541586487,1.1585606157793458,3.1400649982515105,0
18.872538364474245,158.01331172840955,23.076487322451918,174.8973555872649,0.6336811211989829,1.1380256902952048,4.203948957977673,0
20.394416264334026,162.00838251498433,24.72213556979264,173.21552169049704,0.5788872709838472,1.0884248635580867,4.327719305458615,0
19.100190132384338,169.3033927224376,27.76388427446298,170.290675684607,1.0197330734176349,1.0784517916228484,8.663694142078644,0
18.655887990134385,49.006140673168574,32.88314232324158,175.08863254036214,-0.7470028442505505,1.0201894741344282,14.227254333107194,0
23.023211628475053,159.07899033387264,36.43754019302781,175.03157594847292,0.8701353659821504,0.9501510495743148,13.414328564552754,0
27.336310227308168,157.03839131322468,40.001513892740626,171.28126654327005,0.7900943763058614,0.8505843865194481,12.665203665432458,0
35.64778901487785,163.05789993331427,45.44382323986975,172.36749402887972,0.6970432002680387,0.7881221948444469,9.7960342249919,0
43.06201791596589,28.48128443565851,52.898465462255935,178.7188738861849,-0.7609475525512169,0.7166864611182905,9.836447546290046,0
45.1763554531084,161.77116535364868,54.3650500811434,173.94422153151714,0.5097548192686023,0.6055878515144495,9.188694628035002,0
49.014954710921685,165.43691256143117,59.84919571716902,176.33178869750307,0.45318808612163386,0.528032391355895,10.834241006247332,0
54.175288029907406,12.513688304228262,63.80084125332096,175.00922099774874,-0.6358169023034672,0.45263203346113184,9.625553223413554,0
59.680659311352066,179.3062114097441,66.0567946431102,174.2908664403087,0.370520221969903,0.3884265404359438,6.376135331758128,0
62.330981315148506,5.479775607707404,68.6255776767477,171.4197761360825,-0.5755274027238404,0.29478082295345515,6.29459636159919,0
65.84145308156282,2.7846464688339165,68.32775239559963,169.1150230918084,-0.5712750585344332,0.26956730817863567,2.4862993140368133,0
69.15201794626479,0.3494993097153742,73.64900246469145,171.51599767148969,-0.5576728441918303,0.187277445553231,4.4969845184266575,0
73.28420364947043,2.602524983333869,76.8561681966791,168.9397176461274,-0.5525652837084126,0.13256214902002764,3.5719645472086796,0
77.76722163994819,6.308112575923422,80.0976547096814,165.94289624192925,-0.5572552403735296,0.063020981544847,2.3304330697332034,0
76.6546179568961,5.95374631406068,82.67855493273592,170.54681290836538,-0.5436006620466107,0.05281694717005652,6.023936975839817,0
72.18952851163583,12.743097787332651,89.60177254052846,167.84279139965682,-0.5482533564383695,-0.0533235854142133,17.41224402889263,0
77.99051889644016,4.956204859480248,80.21972337321934,167.14714192974714,-0.5577038501120949,0.08910510699556091,2.2292044767791737,0
69.11540396587301,0.4571117519075771,74.58754275496534,171.98897414635766,-0.5574591098338478,0.20516273537973134,5.472138789092327,0
64.9126739261624,4.140013916522909,70.79752607075154,169.7429299080185,-0.5714273485183943,0.2613792625784928,5.884852144589146,0
59.85914088272346,8.117433311834004,68.89516307783326,173.36555708759988,-0.5441442447333343,0.3272372288088736,9.036022195109801,0
56.339657161049175,11.339978858980796,65.09775704215447,173.20600783883373,-0.5856250898157042,0.3911056735255109,8.758099881105295,0
54.240697080554426,167.38843436017277,63.49679488671308,177.622299160612,0.4039636429630558,0.4585752790217933,9.256097806158657,0
48.75533353724336,163.07539374823227,59.97185494331479,177.5225991409764,0.44898534044344285,0.5234122714766176,11.21652140607143,0
44.39110912424354,162.18340292550837,55.74482823287071,176.9349642286338,0.5236015467954048,0.5886129701539531,11.353719108627168,0
37.912331209099065,156.51245914193558,51.10443099319683,174.09495522535448,0.5999637991180148,0.685624958862634,13.192099784097763,0
37.788031032452366,33.78089325068667,46.99977317666856,172.60113941601344,-0.7101884069264361,0.7648750334565437,9.211742144216196,0
32.30429619796347,159.88338654034644,44.42279914768925,175.37011868309017,0.7405756154038898,0.8497282632174671,12.11850294972578,0
29.765851186452945,39.9297686616793,42.11870578194378,177.4933308765859,-0.7539981965361056,0.9197501753367674,12.352854595490836,0
24.2059293537763,45.209630072831835,37.56099598244144,176.35267876855727,-0.7623603908967622,0.9902720883025943,13.355066628665142,0
19.515064874974694,177.7676258372156,24.846084797444387,174.3206054565783,1.0784933344171679,1.0980252194765077,5.331019922469693,0
18.441838389870753,178.36294698633642,22.766276814084932,174.02958538788334,1.0865923504967243,1.087310976450669,4.324438424214179,0
17.279354327426624,178.47834217796876,20.70381612947454,172.19786130670073,0.6312648003917702,1.1158254342007285,3.424461802047915,0
18.706034558242536,174.07341086373168,21.020807062001936,169.85813031758363,0.6407131902290624,1.1065676525314931,2.3147725037594,0
16.86246657670408,176.83323892568902,21.12661845862683,170.25679012672867,1.058560107342027,1.136153297832194,4.26415188192275,0
16.31482914439151,148.19436706163904,21.396532438372752,172.36793331608033,0.6407635514449703,1.145376639820222,5.081703293981242,0
16.018722551216353,178.11869177643524,20.694844512921303,171.28426713375558,1.0873285172518479,1.1359466753438878,4.6761219617049505,0
16.13745659404826,177.2574939476243,20.35511090791532,172.5550764175516,1.0675073450682757,1.1437681342405197,4.217654313867062,0
15.773083886177188,177.1120520486011,20.243686520919905,171.37706511606413,1.0586067869493612,1.154656845480678,4.470602634742717,0
15.26414151351155,177.25471326283107,20.134851506546173,172.02304916474716,1.049784937961229,1.167845873630743,4.870709993034623,0
16.409268707329566,178.20267144504686,20.053180427135928,171.16168260447748,1.04871089730203,1.1456177385496262,3.6439117198063613,0
17.01006786687277,178.47989232199134,20.058045022826338,171.16864680369738,1.0686015563009528,1.1569232019930953,3.0479771559535678,0
16.783961569952652,177.09244455562995,20.045466801336882,171.14690853228996,1.0680399348789382,1.1460619119792055,3.2615052313842305,0
16.772958756462366,177.41643885450944,20.05108221736841,171.15276054704702,1.067341717475454,1.1352275181499512,3.278123460906045,0
15.26414151351155,177.25471326283107,20.134851506546173,172.02304916474716,1.049784937961229,1.167845873630743,4.870709993034623,0
17.01006786687277,178.47989232199134,20.058045022826338,171.16864680369738,1.0686015563009528,1.1569232019930953,3.0479771559535678,0
16.772958756462366,177.41643885450944,20.05108221736841,171.15276054704702,1.067341717475454,1.1352275181499512,3.278123460906045,0
17.44946831464831,177.94555708444256,20.324773313273198,171.60315909263346,1.0462984815986138,1.0932153963452442,2.8753049986248875,0
16.86408654644102,177.2848247637984,20.092616162663308,171.7524637740237,1.046883124013008,1.120953131408383,3.228529616222289,0
16.683666698342062,175.93293109557183,20.173108252649616,171.42563431406185,1.047691235851175,1.1325574528043483,3.489441554307554,0
16.03156833192144,175.84766491006224,20.580680248909204,171.4970440381274,1.0652342208018133,1.1030500489599737,4.549111916987762,0
18.51505422704147,174.59635009859977,20.74428466412914,172.34356323930976,0.654192753804186,1.073223855720162,2.2292304370876685,0
18.749119858102237,179.989943753747,21.397860743668712,172.06076749140192,1.0642970331092863,1.06483845677608,2.6487408855664754,0
21.612733667054144,173.97940908083567,20.275067449939822,170.51092857490872,1.0741522372871593,1.0648810076192243,1.3376662171143217,0
20.921668530652347,161.37230610182007,22.235801954821397,173.5173744015294,0.6095400951935801,1.0578279603162584,1.31413342416905,0
20.773513544784812,153.31728033684303,27.366073405926915,174.53264730672575,0.5650329240565449,1.0993564026982499,6.592559861142103,0
19.97888473820218,167.39664291835135,30.186170179995337,174.07995493895584,1.0191191637017003,1.0487199982388016,10.207285441793157,0
23.0588653812118,43.31484912619344,34.451762462289146,174.41252309012367,-0.7440340065083565,1.0195423423174446,11.392897081077347,0
29.498259161547697,37.78545024435498,39.213576531860916,172.97589259220354,-0.7438709510280568,0.9395057037503993,9.715317370313219,0
32.62624178688936,119.89092973268626,43.72781184176693,174.68847162028706,0.4155955250718135,0.8513749334902765,11.10157005487757,0
37.52529092628139,164.33511226869462,46.81550932591984,170.56215170640613,0.6635949389602073,0.741892785102477,9.290218399638448,0
41.98424431240249,160.36320925158375,52.57839843263872,171.74023462529092,0.5288483420903566,0.605879968703955,10.594154120236233,0
45.69523122368906,161.90408640676193,57.07179733834363,173.21315752172526,0.4904193392782644,0.5282099043074676,11.376566114654565,0
52.631218938535895,11.018951304524474,62.35988751507307,175.21768940273185,-0.6209408867989265,0.44880502129205446,9.728668576537174,0
58.89610141206414,179.93422338814875,64.53973034459557,172.31782038137726,0.35846031779650667,0.37717847664262477,5.643628932531428,0
64.76604158507436,0.22459251778158115,71.65472553936146,171.99673140792382,-0.6203466816026963,0.2615882013975088,6.888683954287103,0
71.58906316498344,3.371455841623695,77.81443351568757,169.98223857080598,-0.5575115297660416,0.1253360196910431,6.225370350704125,0
75.48141674655623,162.00113309444598,80.85002777177316,170.04006075518006,0.12213168635044729,0.061865729750549124,5.3686110252169215,0
81.47771920990826,172.47037247202303,83.81043622138107,167.8461841634119,0.07941701618422412,-2.6763422812396058e-05,2.332717011472809,0
75.44420325251109,177.1142803187779,90.55520732001986,172.17633540644633,-0.009069502218089092,-0.0457001746823671,15.111004067508773,0
86.87356649157351,175.33173547820263,92.74373985626328,168.43498032813127,-0.018232700135685256,-0.21631365690314064,5.870173364689762,0
85.69551178087085,177.76961912897593,92.5282201488323,167.4188000026239,-0.01812128209459065,-0.21426164027835942,6.832708367961459,0
77.19652961513636,178.03458275664516,95.24284168141978,171.16561683726653,-0.09177345126009248,-0.1743227111528932,18.04631206628342,0
77.75140115368241,176.74722062864973,93.18176400674638,170.10248988559408,-0.08290544423964961,-0.1469401668747646,15.430362853063968,0
77.34479654054354,178.78297392339547,91.0276613724288,170.74426423736378,-0.1192052665276289,-0.10103818676268303,13.682864831885254,0
75.04314478404541,174.71968538767945,89.45944311002694,171.75415140775473,-0.09188947550720997,-0.07342407643281809,14.41629832598153,0
73.97088087162604,14.795884240541795,88.43498636190913,170.66727465314526,-0.5679174008023321,-0.0456317520515868,14.464105490283089,0
69.67464367820052,3.369176556067614,75.26021941216743,171.5270039004756,-0.5716073733091936,0.1261171503694905,5.585575733966905,0
66.49339010907461,0.3771580331386173,72.08363581455339,169.4121737888556,-0.5768726290242772,0.1732903448763362,5.590245705478779,0
59.09944614597333,173.20581402169117,70.23397684366881,173.3747543444482,0.29359120320523024,0.26616816684057115,11.134530697695482,0
56.03872395679053,7.6760167758340545,65.28179424010564,170.44747992704575,-0.605500552517995,0.3427130792443536,9.243070283315113,0
51.216340498909545,164.77901802557344,62.96808555799383,172.55638154795844,0.3829115584322291,0.40190293083311346,11.751745059084286,0
45.53647748978356,159.2326565115619,57.64637534902788,170.19173124150558,0.46194842530604524,0.5095413349897113,12.10989785924432,0
41.08471717030172,160.28648718783245,52.542359534628226,169.59967872095402,0.5287339611120573,0.5864610809037023,11.457642364326503,0
38.57470727509243,162.74969998090904,49.447868427118216,172.0018332646652,0.6079436074337503,0.6956576606028679,10.873161152025787,0
37.92659664065087,168.3837042736183,44.83323331236836,170.89074306895301,0.6832176696082942,0.7722482325431022,6.906636671717486,0
31.651950733286174,165.87173604302137,40.56758010818725,172.67893466155624,0.7503792473107131,0.8501662122610051,8.915629374901076,0
30.080878635060255,170.39154567058281,36.0125902338798,171.45619601141905,0.8285791548902615,0.9289926375658606,5.931711598819543,0
27.86715789260224,170.83143559841818,32.47034907059874,173.52010970931508,0.9182766233583028,1.0103483360841905,4.603191177996504,0
25.866610435435582,173.05028140054893,28.27836748543547,173.73891245663623,0.9689041217840293,1.0512454375500757,2.4117570499998884,0
22.759000217079613,171.02490347161887,25.648104413099595,173.39524435592008,0.9897221000411646,1.09213088367903,2.889104196019982,0
21.166275031172717,174.85667981939986,24.419054005884806,173.8469615564196,1.0407226215529257,1.1327324711551772,3.25277897471209,0
20.48481438466579,176.15422350118817,21.993784092728,174.19332537914883,1.0505449003852618,1.121687436829785,1.5089697080622102,0
21.044374136478183,177.4802975692113,21.093540441664864,174.17814401616647,1.0716432909897122,1.1733922794150058,0.04916630518668086,0
19.785910952232793,179.48447180245574,20.399449998743634,173.80587983457795,1.0504119233655853,1.1497925916841485,0.6135390465108408,0
17.008762880711433,176.75982928260257,20.95242022928991,174.0271992985908,1.0902220445090813,1.1892918428804728,3.9436573485784763,0
16.573748962689983,176.64678775116326,20.705819101615454,174.4025230347967,1.1086494434517367,1.18806053643845,4.132070138925471,0
20.48481438466579,176.15422350118817,21.993784092728,174.19332537914883,1.0505449003852618,1.121687436829785,1.5089697080622102,0
19.785910952232793,179.48447180245574,20.399449998743634,173.80587983457795,1.0504119233655853,1.1497925916841485,0.6135390465108408,0
16.573748962689983,176.64678775116326,20.705819101615454,174.4025230347967,1.1086494434517367,1.18806053643845,4.132070138925471,0
14.244082767076941,174.45174994731852,20.3529111514236,172.50755381323637,1.0680570525106208,1.136367410787303,6.10882838434666,0
18.448072766352205,177.04517633633012,20.69591896436024,171.1793874167899,1.076900266384915,1.1443478968715763,2.247846198008034,0
20.805752667100673,177.36133518042078,21.28348617954533,171.99211722983122,1.0669818231347659,1.1149587478344067,0.477733512444658,0
21.780858881309822,176.49206582890454,26.2028894157977,173.40998224432153,0.5700706804112317,1.0998663083130666,4.422030534487877,0
22.40655995338993,177.94524219799482,26.856616045825454,174.9770950120418,1.049889738324955,1.080017856001879,4.450056092435524,0
20.841326439437385,45.47978237750566,34.55330153372293,174.09039561898535,-0.7371536210411238,0.9900024551171229,13.711975094285545,0
28.905268151828864,115.94268189527179,38.668262369171096,171.38465891692465,0.4700682457121938,0.9299531674161262,9.762994217342232,0
32.05375518687235,34.83927564889494,43.57181485075709,174.55230170577184,-0.7534438901063605,0.8494937563571872,11.518059663884742,0
36.671044605203825,31.032202256357373,46.787597457841485,168.83241913627413,-0.7439622872916533,0.7499442911852243,10.11655285263766,0
44.21598889949751,22.270782526173512,52.447968504715604,171.0853791924362,-0.6837964352862053,0.6211380450260217,8.231979605218093,0
44.69254799192684,167.20142005013292,57.77603657425415,175.3026250050959,0.5191077456168801,0.5381356277514192,13.083488582327313,0
49.47845973571144,12.705547332211376,60.58159096238166,174.2594902530675,-0.6209458793972283,0.4490311444943722,11.103131226670222,0
55.04872547177738,168.1498544200207,65.5237437610877,175.2243506745968,0.3458914975259615,0.3740815702091691,10.47501828931032,0
60.08832975442058,179.80284247496186,69.1748734388867,177.1104007642358,0.3239425353554745,0.30585525052793244,9.086543684466129,0
64.78729297089676,179.6373219997542,69.90083132989797,171.4831599779503,0.24311112494940382,0.23405205965687953,5.113538359001211,0
66.83208508889143,165.32586556214343,74.04911307748367,167.16765255544638,0.13494518289749985,0.13532033330790813,7.2170279885922355,0
71.57722985050567,172.699986722374,85.5536230949362,169.47058322765628,0.01865107581251915,-0.056046042951791636,13.976393244430525,0
71.67617194414439,16.202216433652666,86.94617975224382,169.43415304000453,-0.6020413187849278,-0.07490270881582035,15.270007808099436,0
70.63017955235854,15.70162779644761,84.46818900706812,165.8606384463852,-0.5967989786425257,-0.055521113893997415,13.838009454709578,0
66.45086022844521,10.545275020821563,81.82610288883245,166.85775685819314,-0.5674031405226037,-0.009399738996471204,15.375242660387244,0
75.24954149333298,8.303389675893325,76.29129413100038,171.54200284221173,-0.5966965946129696,0.09258733427982957,1.0417526376674004,0
68.99738472164995,3.24048511605349,74.69657406688522,173.52775316431865,-0.6001968614702318,0.14682267647592606,5.699189345235268,0
65.69309971317419,0.14192697089942866,70.01761398720333,173.44101378245554,-0.6055966580623288,0.23112323395163017,4.324514274029141,0
58.22854076274899,174.57701123804176,66.98720807355352,175.52212609965696,0.31455628913384154,0.30562295356057456,8.758667310804526,0
50.69398470268596,163.96958691938428,62.613147069405,172.88578225613642,0.3680034539781845,0.38701010940312974,11.919162366719043,0
48.386824170425186,161.5455911986901,59.087172226468915,171.35986353576607,0.4001141965760773,0.45722647122707016,10.70034805604373,0
43.07190631501977,159.72231150106032,56.25099324588874,173.29547233643055,0.4807657801347742,0.5291312784932944,13.179086930868976,0
39.98983425566328,160.57563167216537,50.925208440038425,169.48721007572786,0.5481194768381324,0.6154728703036767,10.935374184375142,0
39.97569886314441,168.75370229016966,48.08134785729578,170.46650030257456,0.6500883113742458,0.7103680576247912,8.105648994151373,0
34.23369738147522,165.80411898646645,43.60454574990995,172.89248510440748,0.7399155282679667,0.819880315874863,9.370848368434736,0
29.233791789137666,158.76677781390453,40.34016996434481,172.4344732275353,0.49941159618308845,0.9185649117394277,11.106378175207144,0
25.042624529987783,165.95514078261837,35.10104411318805,173.3677623422331,0.9278112998595219,0.9997854547202631,10.05841958320027,0
23.501666601485294,177.0798013661899,30.85852554984265,174.06066002271106,0.5665581756415097,1.051321655710735,7.356858948357356,0
21.160933540882514,163.72002901694376,27.674153864531355,173.40230361387086,0.5709078275836528,1.0921318552639467,6.5132203236488415,0
21.239786910560206,177.8883653146517,25.260320035792386,173.89801422615685,1.0305414200922507,1.082250169772549,4.0205331252321805,0
19.963475923227996,176.79600573795372,22.389172295703894,173.59464680253973,1.0615659228341703,1.1342327729872388,2.4256963724758975,0
18.863901675010343,179.03895539107674,20.603924585741737,169.57431589564905,1.0407737323976227,1.131334521731012,1.740022910731394,0
16.82542961175107,178.38815226980492,21.50948916429028,169.96688527205964,1.0500726931381479,1.1403401105350595,4.68405955253921,0
14.62616358665083,174.13033155253,21.84014411408792,170.63120376394681,1.0494950445096247,1.1187983684080005,7.213980527437091,0
14.152572197746448,173.24148316026387,20.18016046122389,172.13816388904345,1.0487041180779115,1.1262573507141171,6.0275882634774405,0
15.303357043989712,177.61092665543694,20.84126611358475,172.64371945483785,1.0672318059948638,1.1155710757005874,5.53790906959504,0
16.10666204827176,171.19463774711613,20.076358443247926,171.1645424800172,0.6446900744087165,1.125301454956152,3.9696963949761646,0
16.38293031733897,176.5882117877333,20.08874841491128,171.21691308836478,1.056947102213549,1.1144536385430361,3.7058180975723083,0
16.95186207115991,174.4462427861616,20.092600198135603,171.18759589635246,1.0385019774203674,1.1248191586371163,3.1407381269756947,0
31.769173872122046,176.83575961624575,31.194376796216414,95.51342073702997,0.9410778544515473,-0.6608467042038864,0.5747970759056322,0
35.079099134863135,178.22494716913994,32.62140279843309,100.8896313718506,0.8443958262928789,-0.654174839184143,2.457696336430047,0
37.706844371241566,176.00175090965067,34.242480763121506,173.43441917485632,0.7689560074428496,0.7697725611376928,3.4643636081200597,0
46.03829660261358,177.67744379434936,30.95934150075866,153.15173881631378,0.698907962858161,0.6409071663627409,15.078955101854916,0
60.51639516426502,178.64877377305862,48.65609289530644,163.1857724165615,0.4577551965732234,0.40183443594242013,11.860302268958577,0
61.24740418122312,175.353412407244,51.305901864815134,121.47518504313962,0.4101154331230784,-0.6327851130678588,9.941502316407984,0
60.65329230537867,176.8533768633195,47.997417229790656,118.43835043309178,0.4905494764656594,-0.6478223645366831,12.655875075588014,0
28.589673661248472,178.38180528208858,31.107116061237146,96.49214345451783,0.9801561422795283,-0.6610198201433365,2.517442399988674,0
60.27737770254332,176.8551534148339,50.70652456831904,169.83672683792028,0.48065697370278426,0.4710165987162773,9.57085313422428,0
64.67347630243358,175.08433462074117,55.213522644627645,123.88488019580699,0.4035435310256178,-0.628940635849334,9.45995365780594,0
68.6426273461019,177.59526426545983,62.88471134142945,132.7607004013075,0.33297739050027514,-0.6231462110598404,5.7579160046724525,0
65.95192262216221,179.96279822970826,61.8772578292011,130.92564391822,0.375083597730628,-0.6388170952270577,4.074664792961116,0
63.20925746553767,179.10855025950679,56.709920233756336,125.47308286341308,0.427310115835943,-0.6449450167067041,6.4993372317813325,0
60.358426537269104,179.07051204443752,52.29455485474036,120.09334890661506,0.4761441498863608,-0.6543061298087003,8.063871682528742,0
54.88468054853914,177.63738932885846,46.718934649376884,159.90484403358877,0.5436636066442687,0.4465239699890806,8.165745899162253,0
42.3395613375128,179.86629450550285,35.183760373621766,176.15667774465055,0.7665318746048065,0.48519272022233145,7.155800963891032,0
38.35685920896011,175.94198124532167,32.294710500825204,103.67422521785531,0.7866756167142137,-0.6451803993958718,6.062148708134906,0
36.936059144063286,179.72720904625743,29.952408503997553,102.43183120929884,0.8347644850622663,-0.6453011963276148,6.983650640065733,0
27.78602131133753,175.717511376749,23.659597756707992,91.38452978754977,0.9321228063847511,-0.6451999030325806,4.12642355462954,0
25.414031367837012,173.76493417558825,28.128135650140667,95.92751584482718,0.9518866819177852,-0.6482110404692003,2.714104282303655,0
30.219881687414087,178.53392883714326,20.745051230552527,88.3805596419281,0.9709531348715923,-0.6552174026128754,9.474830456861561,0
37.104612683826055,178.30790826604064,26.597452833246308,94.60786945132617,0.8362253802044376,-0.6586337571677885,10.507159850579747,0
41.015448370758556,179.35438279903346,31.422579686596084,100.21586747293934,0.8058886726039266,-0.6644151038657047,9.592868684162472,0
43.57180382298286,172.9955582434946,32.02162228477836,166.82942463654967,0.6921675516773369,0.49054885067740933,11.550181538204498,0
68.96714684245151,173.24742331054807,60.20069344831028,132.63347632791348,0.2575627445366925,-0.6230803149813585,8.76645339414123,0
65.9337068154801,174.84229780912108,57.2694369367829,128.14974124225427,0.34625938020084174,-0.629111260227284,8.66426987869719,0
61.771498873451335,175.0180720822842,52.02035879958646,120.76812920774336,0.4176125999572286,-0.6545327222331714,9.751140073864875,0
59.13953834308265,177.5249999807167,49.65006853247429,169.62842402502613,0.4715054299093353,0.4423715585666368,9.489469810608355,0
54.784116963418526,176.93315768714604,44.07717171033126,159.55181128062137,0.5336378744505766,0.4661499865002424,10.70694525308727,0
52.50009270578263,178.64179840834854,41.27910049885161,109.5449228669739,0.6113700188225347,-0.6547608263126286,11.220992206931015,0
48.57605857268291,179.85792385920212,36.00755485064248,175.92299112707536,0.698510423011674,0.45650408345792615,12.568503722040433,0
43.183919098719755,175.43560608167627,32.250976726562335,157.29997010859012,0.7059057618221074,0.7060624020998265,10.93294237215742,0
39.87041193041621,176.7869911587594,31.945134956955513,164.2218680269855,0.7548963987230836,0.7646053667747701,7.925276973460697,0
36.68514764596406,176.11378531941716,28.649968105032322,96.5308617987516,0.7768277995283099,-0.654572476239361,8.035179540931736,0
20.838077130721874,176.89720380081005,21.356471915130527,175.3369202847517,0.9513462981516959,0.9706878843646638,0.5183947844086525,0
19.456743294110506,176.7980140999667,24.924440399074527,177.8205783175349,0.9150998827305926,0.9336119873945573,5.467697104964021,0
21.814890641516293,173.40008757529978,31.13507446519767,177.14083548906666,0.8700937203299607,0.8706784225677467,9.320183823681376,0
24.222303956229826,41.17205217266728,34.69985038689606,179.77351250535773,-0.6189211789276783,0.807710507230582,10.477546430666234,0
31.57544908726749,34.86126519290151,41.68065270476838,176.56384864441557,-0.6191052292343686,0.7616087829636635,10.105203617500887,0
36.351286454062226,30.76990339414738,46.091912651220845,179.98104228387783,-0.6361173770748308,0.7167244728984392,9.740626197158619,0
41.89210618147109,169.39344135512206,51.99547829554402,178.4885259411459,0.634816041985858,0.6345104487155534,10.103372114072926,0
49.05331885779518,171.5686373070287,57.10814343333291,177.48113094414393,0.4717072328099099,0.5189507060734608,8.05482457553773,0
54.33958536453656,171.78485266050453,59.51145095414824,175.74397918937362,0.4080666114813892,0.4463792838829637,5.171865589611677,0
58.584174613479185,173.97767185079297,66.90583782507508,177.93703015655234,0.3884089574771449,0.3785389583158601,8.321663211595897,0
67.42169292200764,166.05472181281775,72.18701935827957,179.85970792443345,0.2255096735074785,0.2841604465920427,4.765326436271934,0
75.75575377162978,179.69287332761778,75.37103698737927,176.4769531691388,0.1688891625320889,0.17814428863884743,0.38471678425051437,0
81.40760176100191,173.66718178623728,80.67514520699646,176.80898416694143,0.10764534022102719,0.08841343100309094,0.7324565540054522,0
102.06024794183948,25.87181025519351,95.78320940159735,175.5097650792507,-0.6098302840725509,-0.20200788568988987,6.277038540242131,0
100.74997586299894,24.44002634322578,97.14583571242443,171.31183690259755,-0.6156824002804443,-0.26214992695367473,3.6041401505745085,0
104.97547986026565,27.76103395948519,98.65145092901048,173.79686217414113,-0.590843209777077,-0.26030537584751634,6.324028931255171,0
109.28131743706152,32.337996059557156,101.64711825809606,173.64264487821958,-0.6001534855675394,-0.31763539204433144,7.63419917896546,0
108.77295286943192,31.789836151502243,101.92253172255923,175.48439324696236,-0.6004050291395042,-0.3368594791438236,6.850421146872691,0
110.34279748857753,33.49131021059367,101.9223184770275,175.48053240721492,-0.6005525935845314,-0.3367423229200069,8.420479011550029,0
107.19159246906544,30.820711512357434,101.61754663100936,175.0938525298347,-0.5891380941785721,-0.32047153672429657,5.57404583805608,0
105.8549339705256,28.84949020295403,97.95195945119222,170.8876379274904,-0.5890434625292253,-0.2737031854701683,7.90297451933337,0
105.03436320309748,28.886041064713197,96.53038312813607,170.75730778116463,-0.6290876288616978,-0.25955244051243154,8.503980074961419,0
105.87575869317135,29.945080689244833,95.4456051308876,175.43111763935323,-0.6354335120481523,-0.2232607178564958,10.43015356228375,0
101.13993222138284,26.081550170707146,91.94136294530689,171.58012563141446,-0.6349618275805687,-0.17461209191566426,9.198569276075943,0
69.92563309246553,0.12308091242117467,75.66469346312863,176.28800535993253,-0.6293751085183927,0.1639601798767646,5.739060370663097,0
70.68873481364228,1.1375155549277627,72.02617892277627,178.041498875918,-0.6539123451605249,0.24267160912342642,1.3374441091339833,0
63.711586150994904,6.476783755355968,67.09589096874878,175.76523803659288,-0.6541439123147267,0.3109114401880215,3.384304817753872,0
57.93851461554716,161.76206053081506,64.07986585032913,177.4274921622891,0.3207786676325392,0.37836965416398366,6.141351234781965,0
53.49192013597266,170.3896536251707,58.21450259056452,173.89667467322306,0.4562312741270628,0.45655429674619735,4.722582454591858,0
49.78300644095984,168.55659912189182,55.78850274421575,178.3967826904055,0.49996676691979197,0.5281077084129542,6.00549630325591,0
46.75506185964208,172.11090536828854,51.106323949711395,175.38152986638332,0.5580605383774225,0.5959726390730787,4.351262090069312,0
40.861319367665594,169.66330688605612,49.14364784645866,177.15905635879773,0.6218461675207139,0.6402100696235065,8.282328478793069,0
33.16322677530187,31.186894882985364,43.89970141726286,174.34874590619245,-0.6427282177398845,0.6860750408850765,10.736474641960989,0
28.693755957398206,34.75204398626394,40.77376164614375,176.49780378195865,-0.6577364216947227,0.750275133496849,12.08000568874554,0
20.795109919922393,41.05271462964717,36.69881942638261,176.95885696369356,-0.6639863159571702,0.8345044146130819,15.90370950646022,0
35.51686027164009,27.658271128696022,40.72367583628268,177.49674934376156,-0.6353359423040116,0.7538350647288068,5.206815564642589,0
40.60359823601301,178.96851114199185,45.892663919016734,178.4837211226922,0.6853071527829169,0.685498737840927,5.28906568300372,0
45.35331079973216,20.833165862183765,50.266846672152475,178.50985231615834,-0.641434013961218,0.6187719094831521,4.913535872420319,0
49.817837113643435,174.81888088633238,55.35344800029576,179.67489919152473,0.5192692447545249,0.5478323241144915,5.5356108866523215,0
53.508374525060084,173.54069239086132,58.70819095486321,178.64509055793752,0.4805889774180164,0.4902161672438464,5.199816429803128,0
58.07756932332397,159.5190734109618,64.36796825701529,178.8368625469725,0.33006144024797507,0.38838690415287774,6.290398933691321,0
63.44342922839876,176.64494435986845,68.24484676332708,176.9670484061165,0.32039836114914066,0.30124406117772917,4.801417534928312,0
71.43423267004361,1.27857841697494,74.09072460729324,178.01429048614662,-0.6348296614020468,0.22343641793447366,2.6564919372496263,0
70.45487045969413,1.0476004488853072,72.04761035633096,177.7209551415363,-0.6451766853063213,0.2132888687963457,1.5927398966368287,0
64.12822245246113,174.3706637956894,67.77917378688463,179.61926873067375,0.2844034988029921,0.3033837174739449,3.650951334423496,0
58.49093053017853,173.36471603326737,62.997915148919475,177.39674398401058,0.37240754384627756,0.3821252847573316,4.506984618740944,0
53.99128813672569,168.32290231546486,58.37701010681054,176.31815646311082,0.4257656244520869,0.4649126033070223,4.385721970084845,0
50.31709569623385,168.63584989190977,55.691851460531296,178.96483284677956,0.4954139421630051,0.5436410768515225,5.374755764297447,0
45.340311796278236,171.81262947098867,51.07034173413647,175.46022871927184,0.5729279130772528,0.6019519364588811,5.730029937858234,0
38.18453256383166,27.033150860828712,47.254641150717326,172.37138671435366,-0.6545383946400222,0.6304892766059512,9.070108586885667,0
30.41071771115683,31.68007867471691,38.858153555815015,176.38433696758673,-0.6479979004385992,0.7683921329567188,8.447435844658184,0
31.57590361633584,29.741190438227417,36.982976818821335,178.71719590972106,-0.64762104018677,0.7784289599792772,5.4070732024854955,0
38.131732274286335,179.47856765388582,44.1982047852633,175.13693511514842,0.7014873306538624,0.702380210786158,6.066472510976965,0
41.314433338376105,173.7209544528758,46.9245822786404,177.95545314337915,0.6247480422666104,0.6340880230484746,5.6101489402642954,0
48.01150670892396,174.796824597583,53.058596656427284,179.32458391646483,0.5540132603113634,0.5819807977815091,5.0470899475033235,0
52.63209340357773,174.61284234279407,57.85779991993355,177.85245970298817,0.431649218117589,0.480148112271337,5.225706516355821,0
57.764595711271,178.92812506962582,63.53628689950095,178.96962574821276,0.37887719721814245,0.37838426922586843,5.771691188229951,0
66.9973650758325,173.8833336650711,72.53172961652909,176.30609952295342,0.2209747161958405,0.21134468965345357,5.534364540696586,0
72.03525739766287,1.7835001549686476,76.88444400514753,179.0173649250588,-0.6413777451845479,0.15687034988982843,4.849186607484654,0
63.77348538268212,4.316625733937368,69.73944086558834,175.21508239648324,-0.6197729496771021,0.23984412511858413,5.965955482906217,0
61.97136504372974,175.9381150581722,66.89296994170778,178.63925787075607,0.3108323647652544,0.3203821944482181,4.921604897978035,0
57.31058989998354,178.90590181226804,62.42355779796471,178.1820604558847,0.3826809328738213,0.39182545991417583,5.1129678979811715,0
52.92235388900084,175.55238998683225,58.498272635742026,178.2739399386643,0.4078652166000036,0.4558417127046338,5.575918746741188,0
46.38080293540499,168.75870309455,54.212019624281716,179.45975492397022,0.4758026292499229,0.5343781432170268,7.831216688876722,0
41.89588001432421,169.9107750100602,48.717205653493224,176.8851405177515,0.5340445862811571,0.6020750330751918,6.821325639169011,0
34.91551397489623,28.87611561975379,44.63385986190494,176.8431677240873,-0.6427761850790052,0.6768459461083414,9.71834588700871,0
30.346922353314284,32.721225206745096,40.2891684051789,174.7396313898225,-0.6426199421430129,0.742446700382284,9.942246051864615,0
23.453199875580058,38.40098195778032,37.681049383282435,176.25040557285652,-0.6363477804456225,0.7643187460369467,14.227849507702377,0
36.49854240158608,29.241854830650876,41.64327261284391,174.57923755590184,-0.6551559815292097,0.7087880557345362,5.14473021125783,0
41.138508484436855,169.5038665042762,47.014733838807636,177.3891474707134,0.6434092751382652,0.6629305715644057,5.876225354370781,0
49.80624249904227,174.61346427962124,53.02731357292984,177.8012840050073,0.5100230447908782,0.548538831573226,3.221071073887572,0
53.45581551637597,170.17879942360554,57.22467923519127,177.6545947149123,0.4312533248398146,0.47021282363186,3.7688637188152967,0
58.378121011832896,158.17690124014823,62.95134842413283,176.45006295968273,0.3238522742858304,0.38238277221922135,4.573227412299936,0
79.72957468321167,9.922115485197622,77.46136012411573,175.18057714969726,-0.6571965001137104,0.09912468644144594,2.268214559095938,0
64.96787568037624,3.5160190178881714,69.91401452177664,177.4329652205749,-0.6447711579713572,0.25268641371525946,4.946138841400398,0
59.3336159291207,169.61936768718402,64.5724487335085,174.55119565942482,0.3173838518980795,0.3274630578720822,5.238832804387798,0
58.46233148724801,177.22206582880955,61.53412717109117,178.20084677331954,0.3902047245726484,0.4098766263711779,3.0717956838431633,0
51.40367872030284,170.5991848048938,55.88230539333676,176.87348020665584,0.44897824276264453,0.5002551638733789,4.478626673033915,0
45.33614262077541,167.78798468432961,52.669666915000896,178.58844823970279,0.4904401948892399,0.5394826896883533,7.333524294225484,0
37.42557180234079,29.066967235797787,46.849253021991665,173.52815257014544,-0.6709069166325076,0.6377813047322545,9.423681219650874,0
31.907318375743206,32.688930588307116,41.64857912781124,171.5755900484274,-0.6645501669155022,0.6990832228951034,9.741260752068033,0
26.06709338098828,41.16476985200087,38.16645978510018,174.83381967958218,-0.6811874661621455,0.7848924941178265,12.099366404111901,0
26.867189384334612,173.63148000810136,24.70901133963623,83.50249101829475,1.0713947586250667,-0.7085482419294126,2.1581780446983814,0
28.752858984354013,171.59178166692692,20.62122783599786,86.75212071536406,1.0512887849404846,-0.7082196887246629,8.131631148356153,0
30.77542299012331,169.45388413550668,26.937370927124807,90.00657195482229,1.0003525657975918,-0.6983570433832214,3.8380520629985035,0
44.53797305404988,172.03627227902172,31.65183346183929,99.75204444574021,0.8260750020709554,-0.6980115303743054,12.88613959221059,0
47.76903995298787,170.79638549389347,37.191974895840765,105.78152774246983,0.7522802892829612,-0.6680150339530175,10.577065057147102,0
50.95040241506199,166.60851130585328,42.50723617909587,114.09203665385529,0.6732847492106292,-0.6680433783958343,8.443166235966117,0
56.54861132865349,170.59113683661258,44.71830821533042,118.25411839200262,0.599710444638518,-0.674451490406751,11.830303113323076,0
59.97928830761615,168.99656544062321,47.84945653984703,121.02813168005173,0.519484545513066,-0.6611633808447708,12.129831767769119,0
81.23234104018208,169.7538704007819,72.63769925183827,165.62397636831673,0.05403490804908239,0.07270311194325241,8.594641788343807,0
82.68544649682117,165.954862727154,72.24147222871416,160.14810446459686,-0.00877576678998555,0.027148727847569425,10.443974268107013,0
75.18717376654872,167.81943090494306,64.73762642556869,145.86619407680627,0.11917321383999138,-0.5729151066367141,10.449547340980033,0
58.773700676262166,162.5656693511013,50.50890749132244,128.4758163840047,0.4131533393360866,-0.638659447857449,8.264793184939727,0
44.28174847390921,167.0366244207069,38.09464053851479,110.03332004417429,0.6895036887994634,-0.6540710932260229,6.1871079353944225,0
34.52172266958772,166.72178237364167,23.065820659765688,93.30361323466005,0.8626501311782679,-0.6608032224392301,11.45590200982203,0
34.19931547212253,171.4142913343605,22.08112314661021,159.34382635671892,0.9216054658481899,0.9508829232055445,12.118192325512318,0
34.401959408629914,172.14600146869753,22.78414706637421,160.0328023701245,0.9215857001046881,0.9417533701717357,11.617812342255704,0
32.01824195126613,171.4378367396209,19.102912649217437,86.63166234066964,0.9795245718353615,-0.6980015312518999,12.91532930204869,0
26.615015826457483,178.40179892728057,26.886659714552945,84.02298164857288,0.973134467707677,-0.535547619603358,0.27164388809546125,1
30.714414715658947,176.93980286817546,26.502725114386212,86.08411964056899,0.9384709503508136,-0.5260840805245953,4.2116896012727345,1
33.03920288679311,179.47389099945806,27.14480270700172,168.27438099988242,0.9123333515214348,0.9828736290718613,5.894400179791393,1
35.41964023118028,177.93619002842817,27.33507815690064,178.20592881591637,0.8802948497315184,0.9321402456588695,8.084562074279642,1
49.20735312562627,178.56101085079902,32.48151516864114,159.17008555716868,0.6838554679283022,0.7091017119913201,16.72583795698513,1
54.21323809504913,179.74473327542395,33.17066107339573,160.22011645215187,0.625915012360364,0.6870289770184339,21.0425770216534,1
71.42722247113542,176.01439748461868,54.77271563997547,154.19905867368036,0.2579821926841419,0.2584501242538291,16.65450683115995,1
70.97693361911456,175.9450783205191,61.11635094752839,157.80560628470775,0.20152982520327856,0.19322300646876353,9.860582671586172,1
71.46673862105135,174.00781812832074,66.46087401527768,163.46239911964264,0.16639788275069622,0.1582767687181599,5.005864605773667,1
47.32035489415062,178.16967507291326,46.43040533703544,176.3769112183158,0.5750533640018861,0.4334424010741192,0.8899495571151803,1
41.217868791430895,178.13843997398112,37.96937636641244,112.40599576389985,0.6945965791829896,-0.47812737246610554,3.248492425018455,1
27.260365230738774,171.20283526666415,19.821228373768378,78.55530534141761,1.0716824085994217,-0.7184286793077955,7.439136856970396,1
29.42572648757936,171.54019440980417,29.682289207849852,83.87107011801899,1.0199875099656825,-0.7241464495393113,0.256562720270491,1
32.10580784948603,172.09004046487283,24.638926597064447,88.21980458390699,0.9805400681521025,-0.6903643698640345,7.4668812524215795,1
35.74737215963098,174.0163310676038,27.806403769741245,169.50496664335188,0.9205175126556299,0.9699822137091257,7.940968389889733,1
36.726424910296956,172.0498801566558,28.250710472219517,166.50411542344762,0.8195314235868232,0.8479192211789297,8.47571443807744,1
39.67786897685032,175.0124857758018,30.19467610052017,104.83633293519144,0.7545058612265659,-0.645517451627865,9.48319287633015,1
44.96398563084387,170.78307277551139,34.32510287438318,115.66781316778217,0.590995955040651,-0.6518587316251325,10.638882756460696,1
44.989008095861585,167.1968003141638,35.91014703596879,121.69556004498781,0.5050377398541744,-0.6519368517704903,9.078861059892795,1
49.79071012283824,169.0170562204455,37.650671112167394,125.68840354648448,0.4272138417311555,-0.6738703109223683,12.140039010670847,1
53.321589139817874,168.23524819009407,42.553306786887724,131.94932133740244,0.34350577418841227,-0.6809519534677312,10.76828235293015,1
57.02378916601004,170.08053077313772,48.14793894205876,138.85996707242217,0.26779477214960373,-0.726955825656218,8.875850223951282,1
60.19002208852253,173.5656770054692,50.76300033711374,146.6391499411121,0.16639277049646928,-0.7394315609709815,9.427021751408795,1
60.011696029842966,168.3730442824578,52.292677918635086,148.55557825760573,0.0985565767053634,-0.7397104007100247,7.71901811120788,1
60.024914239075514,169.9821533699821,56.51318495672318,151.83006941447516,0.07920616812871241,-0.7468303337021943,3.5117292823523343,1
61.04167086897394,165.70462548083884,56.95294204223965,168.06010900241364,0.0393806280270561,0.07832934877698257,4.08872882673429,1
60.41648784514078,164.40553086896992,59.17851942501328,170.75310515967297,0.02953853397147334,0.06881767959543811,1.2379684201275012,1
60.205750667235975,162.9800494593709,59.858801722203545,172.79159898156047,0.02066279303430256,0.05886724044311624,0.34694894503243034,1
59.73859021815042,165.29780171632788,63.61760181098407,168.63045982625164,0.03971161123963546,0.048993589935471725,3.879011592833649,1
59.33677132147198,171.09596037440255,61.9606828768422,174.45553865719867,0.09027553486026367,0.07078791605280295,2.6239115553702206,1
52.70156791208287,168.99482039014467,51.99811608244736,142.92590103866374,0.22005549374226854,-0.7647545628572021,0.7034518296355117,1
52.037039331431984,170.61764576490253,51.064130622425516,140.9194031294905,0.2696752970202517,-0.7646497307747794,0.9729087090064681,1
46.966402009906,166.11902868205686,46.32761161937614,133.50901436791054,0.3533629141591886,-0.7621916216352975,0.6387903905298558,1
32.87129250297854,171.3475824673224,34.40951159328074,106.74412390076931,0.7715202765261404,-0.6517803427771949,1.5382190903021993,1
29.48474507063752,171.50398300109995,27.228995175535204,96.3840720679379,0.8464463779288164,-0.6485171297226981,2.2557498951023156,1
25.265537506171235,167.21218203324787,25.223618441886615,168.2331195358483,0.9416253658372956,0.9315571880215014,0.04191906428462033,1
25.29965050301408,171.1471079725469,25.08814234357887,85.82166046907491,1.0101785088056932,-0.6775131935712879,0.21150815943521195,1
24.839579120061266,171.15096325421067,15.451522017072893,80.88575680302071,1.0697305507893153,-0.6838533404603857,9.388057102988373,1
23.206716399071027,173.0226819547842,13.772895052709673,74.56888474924101,1.077692328983357,-0.6740788766274668,9.433821346361354,1
22.608384262861982,173.08614320697882,14.923026894452768,72.80263738711598,1.1302455953708108,-0.6942453777623111,7.685357368409214,1
20.50747537608871,170.54759854427198,17.614702536415283,72.9014261360751,1.1681900435462298,-0.7071678530990343,2.8927728396734267,1
20.839962271233343,170.39280739634617,15.842643479089558,67.74958152032082,1.1916966356245844,-0.7718023078278744,4.997318792143785,1
19.609004479569933,167.32656002882428,20.277968219653527,74.29957859667307,1.1716556517974661,-0.7620011451274479,0.6689637400835942,1
35.60307689725848,172.63590006787157,27.936626026479132,92.33016019889573,0.8990887631569308,-0.7012903518459395,7.66645087077935,1
36.949200786867586,170.17941488460602,31.813240525738458,102.4052758398027,0.811950449730179,-0.6873043466364083,5.135960261129128,1
43.06914024774914,169.96824118013626,36.58519059330978,121.21355944405988,0.5306830243637531,-0.7597107663879652,6.483949654439357,1
44.83931435452144,165.73014948185315,40.52341212543392,127.72659857150686,0.40210267224244683,-0.7876374056949896,4.31590222908752,1
50.08230670238298,170.69026049809284,40.812655415660565,130.62679386939243,0.305535855218892,-0.8046202441871884,9.269651286722414,1
53.908281348204966,162.9079373073165,56.06465565903066,146.7263996262222,0.07175936742083282,-0.7805606567002593,2.156374310825697,1
52.449464147994355,166.34782059562846,50.996473018472486,142.67950689641776,0.15095377074591015,-0.7825397462662598,1.4529911295218696,1
47.840420743630155,167.09336958010337,48.01937891866992,139.30746562926512,0.3028141305874542,-0.7819072785977941,0.1789581750397673,1
46.53583336516972,166.8153545008029,47.507882193851685,134.45615752666652,0.3400488110407982,-0.7643826267251248,0.9720488286819631,1
26.634861418293912,168.14435034766018,26.89877674171338,161.29036331482465,0.82183650970273,0.8611648749964719,0.263915323419468,1
23.49760619722854,169.61856891770358,23.674203234365947,159.2420280118733,0.9108024020921668,0.9404189122853226,0.17659703713740882,1
21.0402517432229,174.11665909333163,23.023974177853457,166.18418856778405,0.9905546112935946,0.9905886711825095,1.9837224346305575,1
16.256317074995927,165.7516697595027,22.5118715112414,174.4465251959206,1.038716524780818,0.9904512526398574,6.255554436245472,1
20.844259919990044,169.36669083121132,19.083248486311902,170.3130687683785,1.1349843264091448,1.0812964409897865,1.7610114336781422,1
18.329661206678335,177.58523947635612,20.761322758780544,170.51945718291944,1.161930065558398,1.1615714273963365,2.4316615521022094,1
18.435698559189994,176.95017312907154,21.581315390912017,172.53885270982562,1.2114350565621388,1.2019196897390565,3.145616831722023,1
18.084526130432668,173.5914901446001,21.280565390911132,172.1376005504727,1.1843895017499597,1.1937830083208016,3.1960392604784644,1
18.079410704961525,172.98364713795553,22.253414026010073,173.25079874179605,1.2038250747445267,1.2035709643197094,4.1740033210485485,1
18.764165344287854,55.730784071278435,21.683379720223428,170.28203605037817,-0.7347972608245762,1.1825117634064635,2.9192143759355744,1
19.268728990124313,177.1203662267043,22.86211289656798,169.9702220377988,1.133013637784395,1.142593811176732,3.593383906443666,1
24.19411691924862,33.83425089782364,35.84336229283391,175.79640008065746,-0.6331315147270012,0.8791910943941763,11.649245373585288,1
26.398506325235413,29.337321811281868,39.33044813020569,175.879659019348,-0.6130577688069647,0.7640695377631523,12.931941804970275,1
29.664688129838805,24.046689179556527,42.4985677208561,172.46796745292934,-0.6240213679656448,0.6759058593968666,12.833879591017297,1
33.91785427490856,169.84330341139807,43.97040426296642,172.48041316092147,0.5659892023003794,0.5940275223974024,10.052549988057862,1
39.293883152840536,175.17218441783825,47.58502326288183,177.78966182334565,0.46667642711617385,0.5040545620094243,8.291140110041297,1
42.796663690901404,179.87306256097648,51.563865997834384,178.71904140088867,0.40579690068148494,0.40510180716166333,8.76720230693298,1
42.079317058363294,172.80831547490897,53.34455108815288,177.31416347805964,0.3076475069810181,0.28886667813206984,11.265234029789589,1
48.881051429646895,172.64632100257268,55.9569976905723,179.5323198514398,0.1943077007136524,0.23414022415984123,7.075946260925406,1
51.8758004584608,170.29084981901826,59.38801123379956,177.74053264924734,0.10449104248084,0.13518839630307178,7.512210775338758,1
52.51650199266881,165.32668482169586,60.40822223923704,174.93550217649437,0.04211224171500952,0.06307423820648973,7.891720246568234,1
53.848880457710564,174.70022924705708,61.800219629065154,164.33573231662416,0.1274585652618948,-0.0641105979943731,7.95133917135459,1
51.30929809677547,160.38505144234225,65.25849363663883,167.1502979125741,0.08662915218716054,-0.11993209459808403,13.94919553986336,1
50.117685527380615,154.895956984625,66.40037420337815,165.407122365534,0.06325309422260215,-0.17923483353491623,16.282688675997534,1
49.77854352015084,155.43607272517693,66.7244638381196,166.42295252312644,0.07309927158149056,-0.1798278647368306,16.945920317968763,1
50.025019941999886,153.15151650472225,67.91972486371078,168.54263378398042,0.05344692896596723,-0.20197046145928113,17.894704921710897,1
52.629011220970995,158.20781390221376,67.262091567517,167.8934164852674,0.05405006187130028,-0.19411052109383997,14.63308034654601,1
52.56815063364956,164.75500412044954,64.17895793824903,165.33701165062016,0.0983109406812239,-0.16502190224432753,11.610807304599469,1
52.932111478786304,166.66403704746145,60.37275238328639,162.60882598329655,0.09914800172335585,-0.13189840551625703,7.440640904500086,1
50.45308264972574,172.46838903529203,57.385240035315505,161.0832820121366,0.16461606230799325,-0.033432445877335945,6.932157385589768,1
50.65113999078684,178.73434094713787,54.92556840382265,165.1965015345807,0.1381620914119531,0.07365660680506705,4.274428413035814,1
45.71422023080999,164.0567291104433,51.79304466088816,170.31822470238265,0.16845840337395013,0.16818021068096298,6.078824430078164,1
44.494429458879814,166.28376492950528,51.19390589178064,173.35364351981534,0.23174091012847362,0.2630385693745834,6.699476432900823,1
34.10976516340476,166.58565148710713,46.74774858071993,178.7162473282619,0.39810297458028265,0.41864570965691894,12.63798341731517,1
28.541451059419227,163.7986658482451,44.259876273292626,178.8152242332704,0.4845981383419555,0.49478578719172306,15.718425213873399,1
26.119671996067126,156.92094519731927,40.57096392320883,179.7929150075998,0.4803459927343943,0.5995938030791176,14.451291927141703,1
24.07847827968874,166.46348038512963,34.16829070784794,176.58239600258867,0.6664692320374468,0.7773251416862428,10.089812428159199,1
17.997793298228412,169.2256290259333,31.97525876252397,177.57247113699924,0.811058063432778,0.8304364518792708,13.977465464295559,1
12.34953653359463,166.82907794163046,26.2483423018536,178.01013648009294,0.943655830628361,0.9440321043877072,13.89880576825897,1
17.012952163609988,177.28401375987622,20.98377541649918,172.31185839958437,1.115369250535901,1.1052234671902343,3.9708232528891934,1
14.758041223362444,175.82351741942594,20.20049959214504,170.58216267966742,1.1528067306887144,1.2347649415383801,5.442458368782596,1
18.230750314814113,179.49949759615285,23.617609690284233,178.22231828990405,1.0867948232197338,1.1255708217839553,5.38685937547012,1
17.703309320829444,178.25819508997418,23.720497745676255,174.4695763426812,1.0574623375825118,1.0773191551923342,6.017188424846811,1
19.695833800276418,177.38934490872452,25.93955665868878,174.81473852025445,1.0292892186662799,1.0680745839513863,6.243722858412362,1
18.81604035962223,44.62433799651962,30.66538978966355,173.57816710538864,-0.7087308514655349,1.0186901049143484,11.849349430041318,1
23.721556479434273,170.0434277983875,33.70579724728696,174.26062290849268,0.9337208326407825,0.9429571287749502,9.984240767852686,1
25.432929815343932,125.0720012460874,36.501204160558196,171.99201832138087,0.462920285954032,0.8424893071206139,11.068274345214263,1
28.544665219667458,161.09691498081824,40.033749299824244,171.96863176493656,0.7285240887076216,0.7859796141513611,11.489084080156786,1
31.79702159270209,27.978260715138592,42.04981812347737,167.32491451786905,-0.673996710445883,0.6887695470098149,10.252796530775282,1
36.408029947663884,20.246610008207835,46.249890406756954,170.79813696601565,-0.6645394856949117,0.6226405406462718,9.84186045909307,1
35.641178397219164,18.024820612191128,48.855134358141406,171.14647136976888,-0.6286545765964363,0.5413451855141187,13.213955960922242,1
42.12616739042414,170.14039537308426,51.27329048043047,172.15183015886336,0.43930251296202694,0.46764135512320987,9.147123090006325,1
50.22747735468738,174.26202373874352,52.601821663150666,173.99194778057856,0.34313857504719275,0.43146281706339024,2.374344308463286,1
52.47163404571175,176.4585250574841,54.08425898655733,174.66119840713202,0.30102485039935445,0.37842714234667085,1.6126249408455777,1
54.31317799142357,178.76166705019762,53.63091716909222,169.17242319800766,0.2376690820532868,0.3165299867497325,0.6822608223313509,1
63.231710673263436,179.04517339033103,56.253548254949834,168.52392020320266,0.15786075736427413,0.252678145189523,6.978162418313602,1
64.71012224715135,179.35992396429288,58.580146261379916,171.2712726212869,0.11493302553297534,0.21879135580000048,6.129975985771431,1
60.417401425397244,11.231845252323154,60.085983934729896,174.4016810666067,-0.8086423381587783,0.1852684098119162,0.3314174906673486,1
57.88773482164474,153.27875961195855,59.76565863593465,169.52306377798442,0.1309550826597769,0.13164726009461786,1.8779238142899075,1
56.47547243680863,176.03113528415477,60.23134847061078,169.57520808192356,0.13934199565155775,0.1303150028171547,3.755876033802153,1
63.55597901479973,178.45805391466965,59.79746521560119,174.81627981089866,0.1160038149997863,0.18933254778523625,3.758513799198539,1
64.06484767947006,177.54533383191287,59.95725432913973,176.2614343219796,0.1259991452136512,0.19996999154307118,4.107593350330333,1
65.58367409554032,172.42155207117415,57.16435161841296,176.3351410572032,0.14732792009086537,0.2627984020355586,8.41932247712736,1
65.79366869187412,167.57538586530688,55.654974471576594,178.45537706573114,0.18511897608460526,0.3254529203220767,10.138694220297523,1
58.8094948833038,176.25120649758128,52.32892699119264,178.76397275632013,0.23919909963946162,0.41264052880224455,6.480567892111161,1
54.84183763935173,177.92830760343563,49.78924543940785,177.90251421559358,0.2766543644637882,0.48905299994853657,5.052592199943881,1
40.46232830945951,172.80943274181504,44.4470536828006,177.136109389506,0.40863673777290543,0.5507854704274308,3.9847253733410923,1
35.7178893746585,168.84157940966927,41.7350776534955,175.09947559366404,0.4800245978663423,0.6095252819081312,6.017188278837004,1
29.261618690724923,163.31933326001763,37.74047852379858,173.24428814370862,0.5687485604346472,0.6859715203165012,8.478859833073656,1
23.926447800116257,134.572164526954,33.58571786076806,170.41958269563452,0.398455246090303,0.766357648779866,9.6592700606518,1
18.565289484797894,166.35312491201182,26.281603707350406,169.7591692532087,0.7897851459573402,0.8800618558482287,7.716314222552512,1
12.910488808762583,172.92285768602102,23.51793269763497,174.46015982188527,0.5611123645413975,0.9899177201356526,10.607443888872385,1
28.105937853458677,179.1017500168605,21.93628163168966,82.97864160222365,0.9997070082847261,-0.5391664385700461,6.169656221769017,1
31.608172953567358,176.59001736173312,23.57829679556867,176.43634015980703,1.0087308201007636,1.0089311243797832,8.02987615799869,1
45.74084158779135,178.8084178345169,29.12787189236587,153.48376021040298,0.7313180615179578,0.7310632731665037,16.61296969542548,1
50.57376715477129,179.36415368861782,35.20550005774468,158.21487017793274,0.6782375905812351,0.6777258921597407,15.36826709702661,1
61.36668259890771,177.27226134830954,47.04274062187252,119.37328708205153,0.43141121411147115,-0.5032377745073737,14.32394197703519,1
62.16170967394044,178.29036198172412,61.59152775033293,141.39060893385536,0.30843578507931624,-0.4347438759042908,0.5701819236075139,1
62.952005682906346,179.35766540850622,62.67357835306852,142.7706561404632,0.3279981303182354,-0.44621017630957405,0.27842732983782525,1
52.91673734152204,176.3303628384468,45.57859562846215,123.23586401763504,0.5081025295702072,-0.46971981496662363,7.338141713059883,1
48.40500188502839,177.03253233343037,40.5359703983399,164.09361562141044,0.6207344538127944,0.45659426359186256,7.869031486688492,1
44.46794156839199,179.70512979253502,37.89814839632263,109.76696707075162,0.6722872468978912,-0.4573499495229172,6.56979317206936,1
40.57677362887765,177.26145418269115,35.86694738871455,106.93380885511385,0.7119745506396011,-0.46117889213886476,4.709826240163103,1
24.67275494866779,176.85361001661423,15.259621021367279,73.31872746254759,1.0351750685053964,-0.5211539058871837,9.413133927300512,1
25.94294379686431,172.8874209373032,18.040155842046573,73.50296831496753,1.0513388571344175,-0.5165699263000872,7.902787954817736,1
30.208708753283954,174.41832794484446,22.088320400547566,80.655600603122,0.9915530748463819,-0.503740626829537,8.120388352736388,1
32.40714184758771,177.08585804474936,25.77806863029307,83.06962636707772,0.9417847959480433,-0.5118669177543775,6.629073217294639,1
36.92746447184484,173.78131892929218,28.144929185827802,90.92220055868648,0.885136905309816,-0.4870876378080989,8.78253528601704,1
40.98512665151299,175.67745865757715,31.920333310336087,94.51262052454884,0.8266400171318439,-0.4991848097651511,9.064793341176905,1
42.37491052125073,176.77594845718113,33.905234551031135,164.42474490589674,0.7437956475311074,0.7355298397089977,8.469675970219598,1
50.06420671708831,177.03815690203774,37.286551920040246,161.31390786490226,0.6502039840958626,0.6084081179048227,12.777654797048065,1
54.753214291093904,177.75475435485632,39.72165694320086,166.00240211434,0.46732707620082786,0.47569383716113584,15.031557347893042,1
58.73644924438848,176.17620316084341,42.812705535572526,155.0792700613662,0.41447411393618616,0.41481405003662736,15.923743708815955,1
65.12997648046678,172.1024493605162,62.53586717236485,142.52420587867738,0.30592450710017055,-0.4828772770983357,2.5941093081019275,1
82.5112451388996,179.67744784678405,83.74600340358694,175.74413858524105,-0.11668520698556016,-0.12500855014706252,1.2347582646873434,1
82.7061766752829,178.45479905652005,79.16674503225869,173.00897095614116,-0.14044249651120874,-0.45799566711756245,3.5394316430242156,1
65.76552585210086,177.01454657912066,66.85544571733573,146.55640546666447,0.24959719008725226,-0.4392628160454939,1.0899198652348616,1
40.988294214631466,178.50212272774772,38.79261935610121,110.67101150585452,0.6942793186347569,-0.457968581364672,2.1956748585302535,1
39.51241361821848,174.3418275619048,34.79805290356574,106.00152788540937,0.7584634938730622,-0.4782926622130674,4.7143607146527415,1
34.62027516955245,175.07803011960357,31.554636405280434,99.11797630745903,0.8319624773540206,-0.4740870476610768,3.065638764272016,1
31.3186325598123,175.6780158156144,26.415771510785866,93.70265880370306,0.8909336707985831,-0.4659169536355564,4.902861049026434,1
24.950346620596086,179.37874384409986,27.87369310564063,91.35972098737417,0.9500504678898951,-0.47035569423226176,2.9233464850445436,1
22.507093039407245,179.763295051418,25.301407582464083,84.07755870384335,0.9912691666264795,-0.47846118521962766,2.7943145430568386,1
33.10953176072613,170.34105941246662,23.72752520947353,77.17372236732788,1.0259040391550367,-0.508092705307412,9.382006551252598,1
36.20657449822205,176.11122471962332,27.331564704433774,174.0910659808033,0.9414081636652233,0.9494715267480842,8.875009793788273,1
43.636798302664936,178.90443126719413,31.780677448618817,163.35279099684024,0.7862833004945382,0.7947020405330885,11.856120854046118,1
56.92595127818706,179.87113271082336,50.61240854379494,128.57257087177862,0.43517747593649947,-0.43901300456710085,6.313542734392115,1
65.37783414216575,178.54739118988178,64.96201235075796,150.4126365985859,0.19360108794323966,-0.4390682813966304,0.41582179140779374,1
69.04629024271512,173.5706128936513,63.91682667770755,159.63491618218345,0.04125200664979461,0.024493981478836677,5.129463565007569,1
83.11168541172583,177.33849448032427,60.17225244717517,156.83878996393724,-0.13678600912384234,0.025171791997660724,22.93943296455066,1
85.60092546334528,176.8681086443685,73.50245330786623,160.8854496476366,-0.1835722248306972,-0.13336972395933855,12.098472155479044,1
87.2165345432033,178.31423897473115,79.95899563879163,175.97181060960474,-0.24598489999433393,-0.4790668026517083,7.2575389044116605,1
89.35744741738415,178.99596267152583,84.3108684377624,175.344352034133,-0.26457458976947684,-0.49113350859731214,5.046578979621756,1
46.22756476976374,179.15670465677826,36.91832355384513,170.15904231783796,0.675318319606415,0.46642062808927637,9.309241215918611,1
42.68987159325812,176.25686580449346,36.614731572664155,140.5365740464679,0.7605849923277237,0.4873512760113019,6.075140020593963,1
30.181657808287483,173.2708603006056,24.399562068523405,178.4689333811454,0.9831311857809953,0.9917105592626921,5.7820957397640775,1
27.530746878028893,176.30308607985356,22.12965386731567,80.01371359479317,1.0170642163899175,-0.4910337178873747,5.401093010713222,1
19.15023707135026,153.9118884922402,22.642003822904705,176.2462368199194,0.6072689750587843,1.080168027954274,3.4917667515544437,1
20.03796748705123,179.6753461161005,24.87161524432714,179.4076961671474,0.9999762250442213,1.0362298626124555,4.833647757275909,1
20.128292253221968,49.684974613420074,29.566654364571317,177.1836917068355,-0.5856753793816182,0.9642999619911606,9.438362111349349,1
24.70222145128572,177.90684629375687,36.124099572300935,173.6278749691127,0.9348792974133372,0.9629629031593955,11.421878121015215,1
25.885192621149773,43.71272040280811,40.18262488249497,172.42706980911288,-0.5573484746818943,0.8930395455127403,14.297432261345197,1
28.38620339797945,41.80665292741722,41.87216232129428,177.4873254387534,-0.5436030245862291,0.8317612130144043,13.485958923314833,1
34.245543570121285,36.30585652360292,46.45509899159794,177.78081173705152,-0.5438889449587581,0.7699022549262476,12.209555421476658,1
41.49195311008818,29.012207882287953,51.60441515513919,177.670618771625,-0.5255366550940357,0.6694686855424239,10.11246204505101,1
47.928939225446506,175.0708778936941,54.88832867086382,179.4398437409045,0.5398288684844134,0.5841126461617745,6.959389445417315,1
51.01009941845255,172.76928070931547,59.311196783611805,178.81293631359287,0.4296156886762207,0.5004915407243575,8.301097365159258,1
56.57577655595339,177.1193370553513,63.018876726451964,176.74008837883568,0.39839238004961225,0.42487950494784604,6.443100170498575,1
58.8453484727815,9.732702294704804,64.97543726399596,177.7042124218152,-0.5305498424097164,0.38406375485167543,6.130088791214455,1
62.4689736804687,7.206737557429314,65.81265853315153,178.1108796519574,-0.5263577706689264,0.3447789581394353,3.343684852682834,1
66.92560046042743,0.15417780698645867,70.02582439731597,176.69596841381522,-0.5123981094076517,0.272413657241487,3.10022393688854,1
72.0870496180681,4.651994700918414,73.3061571636394,179.5217877247774,-0.5254384959302992,0.150439833390653,1.2191075455713047,1
69.50786331801937,2.728733601091361,71.53742845845944,179.9886949717143,-0.5126719746333152,0.18392816814522792,2.02956514044007,1
71.2279898430127,3.4861972523069777,69.59655480698618,178.5408854695113,-0.5255773433798469,0.20382628498066602,1.6314350360265166,1
66.36817880585835,2.7339781431827324,67.41265343343488,175.97647912336194,-0.5258179539018342,0.2827198758689744,1.044474627576534,1
60.452420298010736,8.030531772481261,66.02673607707754,175.71627945290038,-0.5212158635032598,0.3417623505078094,5.574315779066808,1
57.945350318781244,10.01645957686507,63.95374717505491,176.73041672312397,-0.5213072271811116,0.3772280903814388,6.008396856273663,1
55.50566219704885,177.22267248959318,62.5709938035895,174.87924694141853,0.3827604728118181,0.41737324263719916,7.065331606540653,1
50.81019048317919,174.53385857809783,57.845798360632116,178.563087959486,0.42964405041842324,0.4829080393483767,7.035607877452925,1
48.76826807968591,174.24322484494817,55.371676727295025,174.20804581347602,0.49564784842009085,0.5562511083258945,6.603408647609115,1
43.18798723282167,26.191943584344862,51.623256700226925,176.07805399895148,-0.5301251656738236,0.6227494314612412,8.435269467405256,1
39.412683549434576,29.215863563474695,48.614117818461146,176.68934832554595,-0.5256371440141181,0.687160655028297,9.20143426902657,1
30.360612626511983,38.54686272804149,44.54459468865142,173.66023722012739,-0.5167139157462388,0.7433034675827498,14.183982062139439,1
21.686322922090024,48.937833037956935,32.872412481982046,174.09668395839793,-0.6034462456333164,0.9361212073635043,11.186089559892022,1
20.137996272878752,173.77760732462374,20.60182611212889,178.6339483468838,0.9558808576742918,0.9997675928042448,0.4638298392501383,1
25.696612330687593,179.7420572534633,23.24682220718116,179.95091000127556,0.9195683992492022,0.946801783530261,2.449790123506432,1
28.500578061796897,177.30111324195465,29.287547199684745,178.73828650505476,0.8751763552452236,0.9377362813167961,0.7869691378878478,1
31.693260041587855,173.62697908339143,33.65608882653607,178.16528497658595,0.8183778130908042,0.8905202844024597,1.9628287849482149,1
33.75512041523858,170.02778476657514,37.17767915315308,179.4169161486205,0.7218781059674391,0.8082640989792704,3.4225587379144997,1
35.037371260657565,165.85799919336642,44.33962918214618,179.13126680299723,0.6378768469971403,0.7157270316968541,9.302257921488618,1
40.43781895351989,171.6327326323461,49.35062431994517,179.46062793292566,0.5998034628405028,0.6437763984114748,8.912805366425282,1
48.53547478861016,177.01528510773514,56.12154127813773,176.74868935315448,0.5218794013257967,0.556652081651049,7.586066489527568,1
52.76218215420741,175.20453783594542,58.33221865979308,179.25877501526608,0.433476657302834,0.4861571977297484,5.570036505585669,1
57.30052333492943,176.2027567909639,62.19069611346961,177.76806844526183,0.3515470960533217,0.4142331591945733,4.890172778540183,1
62.24141417534123,179.23721427170923,65.04895829734674,179.9027395117549,0.28307955235083077,0.3006811653798002,2.807544122005517,1
65.60902600949927,174.77110135812507,67.94694249999915,179.79305147243534,0.20409008518845687,0.23008601374875065,2.337916490499879,1
68.66852153670881,177.87123695406896,69.32991238336096,179.6323954955403,0.2034644141098084,0.20321379041593599,0.6613908466521536,1
70.05788081984585,2.6959504461468895,71.61090279712654,179.47060675011235,-0.5306913508822679,0.15160428116864333,1.553021977280693,1
77.22040747795188,11.607106105462686,76.37970396303305,178.39312221440173,-0.5308443875287846,0.06248413711702476,0.8407035149188289,1
69.74636024671327,4.1014877305576105,71.69520938854448,178.68510561237323,-0.5258431981607397,0.13255148461576088,1.948849141831218,1
68.47152558696204,173.1497999949392,69.37149067333246,179.87527913157263,0.18435433367350265,0.1581688739790186,0.8999650863704147,1
63.21821507633194,178.798665806708,65.86536237806503,177.5638617980732,0.21928140708468255,0.21943827862659343,2.647147301733092,1
61.49105054432264,176.37714190022348,64.06830834521939,170.6276924257776,0.2743446158032025,0.3007189526998367,2.577257800896753,1
54.07413110986116,179.96991999839256,59.8636353410891,174.07243852231153,0.34767503265793936,0.3650800804974072,5.789504231227937,1
52.18431761078193,176.83673366671096,56.60979681919483,174.92720312575142,0.3706885767388662,0.4051985786451259,4.425479208412895,1
46.763949951904486,177.25804098572956,52.19785372867863,174.48603732159157,0.46950711991322086,0.5041954753469812,5.4339037767741445,1
39.60744348477987,173.64740351284763,46.988712952037716,177.5869557479248,0.5470960198072133,0.5724249220098357,7.3812694672578445,1
31.17847039930856,170.17075762332195,43.123056512781645,175.62997956019206,0.6526140131304481,0.677729471781247,11.944586113473086,1
21.63625818410061,159.96080676505068,38.94802883432967,174.11719039764213,0.728869503713309,0.7459346899864763,17.31177065022906,1
21.56675941047828,165.88664221209282,33.69718873980803,176.75885717652264,0.825588733816582,0.8346316131126258,12.130429329329747,1
20.022296885662623,48.03713428972573,31.147880152867852,173.23235146806394,-0.5572846379851477,0.9107952836663402,11.12558326720523,1
21.37791334926994,170.76507687212245,24.300130154726308,178.56721432269126,0.9384276184316549,0.9817889781308722,2.922216805456369,1
22.420670568993554,49.14849747496945,28.282137673265083,178.4756943697225,-0.5827672338271358,0.9300643549800085,5.861467104271529,1
23.86903213279744,45.826629403937545,30.31464696139279,179.95281033098308,-0.4997143632442622,0.8427776746311715,6.44561482859535,1
28.78642572363199,38.051298856057684,37.02289658834164,179.9998595368545,-0.5082444792341362,0.7647520556738341,8.236470864709649,1
32.8834639564489,29.376552677316,41.93912324701729,178.0942539662413,-0.5123221995816333,0.6779322105130596,9.055659290568393,1
43.752760169790676,167.8150569585547,49.467177855488245,173.8470918625935,0.4084611154681738,0.408231242844651,5.714417685697569,1
43.75527402686045,167.81305429725046,49.46513904066978,173.1840119793007,0.4083334960930163,0.40002824506500123,5.709865013809335,1
61.80857659709982,4.4757953989402965,63.36239218237448,178.90836264185864,-0.5836898365495333,0.14938413362854866,1.5538155852746556,1
86.82701959987203,26.15593098799343,82.5965291577895,174.37567844284638,-0.5909362798039378,-0.23108498795380902,4.230490442082527,1
96.32869623769116,32.17076190964315,86.7325055832322,177.18251449046974,-0.5964513426547506,-0.2910677252147049,9.596190654458965,1
94.89903617812364,30.79715653919976,87.86848622642958,176.0419296543095,-0.5755437058636229,-0.3243632390413433,7.030549951694056,1
96.06956358885333,178.52905222750655,87.94196113870441,170.95583063533837,-0.35531801646277106,-0.3747460128058536,8.127602450148913,1
99.03745200514805,34.98501190909349,89.05684482116828,170.65162584685896,-0.5701894010707653,-0.38712587807555665,9.980607183979771,1
94.87783142249938,30.55667006632831,88.52596499626918,173.61862344278913,-0.5553754408795551,-0.34579165378371335,6.3518664262302025,1
94.09919979670379,29.476523049988202,87.78564628201826,176.6241397646866,-0.5557244043370272,-0.28955018038648245,6.313553514685523,1
90.10138122410795,25.690357870665935,84.06404800817288,172.7854656613466,-0.580946654552642,-0.23098643483922615,6.037333215935078,1
87.86887244450725,23.126679819088395,82.1408307983077,175.91263004495028,-0.5650423571435491,-0.15879245807078793,5.728041646199543,1
65.04073177572856,176.84344678737,71.95674742920055,179.65143066417818,0.10913342840450052,0.17226597101376434,6.916015653471987,1
64.6647779205868,169.3501283151725,67.99879921112908,172.37757688354714,0.2907901636976257,0.3002939209239668,3.3340212905422817,1
57.36793861627652,179.63648257538188,61.80990405270983,172.48470022046862,0.3482890736908199,0.4017631862931511,4.441965436433314,1
21.948150725200456,80.86338378188985,56.800106116579144,173.77839115599744,0.3717390373546521,0.4957733642430286,34.85195539137869,1
43.07100765891526,177.45380543282292,50.398435617112874,174.93001354356332,0.59289432794186,0.6462985110235643,7.32742795819761,1
35.43420305620946,175.81930922042747,45.63557453824322,173.3115042175418,0.7080254033185741,0.7434957308269379,10.201371482033757,1
29.627319879101115,174.57182858477424,41.26854231119018,170.57041354617087,0.8213234880135493,0.8482256135136115,11.641222432089066,1
19.138016508491038,47.86890209398839,30.838453316597786,176.88898758541495,-0.5488184839969052,1.0179983229747063,11.700436808106748,1
19.140564504580645,47.86814718290015,30.83884327269517,176.88504403808832,-0.5488256525887943,1.0180200056003954,11.698278768114523,1
25.872649352791857,170.82851666336757,17.80116250661412,68.59707678533262,1.1429449156090803,-0.7592626383632911,8.071486846177738,1
26.00074211533884,171.59737865112461,22.863471907464096,77.78193770915085,1.0899157574061984,-0.703929939451715,3.137270207874746,1
28.57872146046797,171.0342777993592,26.391727365965114,77.84831877626488,1.0390916578184155,-0.6647334705441298,2.1869940945028574,1
30.756216999465153,170.5046289623356,24.454223806069994,83.35846267871035,1.0191512650963628,-0.6579896320731369,6.301993193395159,1
32.826323967910625,171.4236062676292,22.012413330564545,82.37314186064968,0.9626599672764659,-0.633888459953675,10.81391063734608,1
37.01022239003944,173.70637112000426,26.36243164621627,159.32061696957174,0.889054733531387,0.8894722780814708,10.647790743823169,1
38.22100266671133,170.52620578164266,26.58143069199931,91.05906458913802,0.8321438577764573,-0.6302578681809704,11.63957197471202,1
49.03440946122243,170.9807898115634,35.06098714434068,113.62714857503548,0.5088778356098324,-0.612929194872556,13.973422316881752,1
55.101110579846015,168.12337273490164,46.54583835755769,129.3485767102021,0.3059937917757425,-0.6334980168394685,8.555272222288323,1
54.68162301467372,169.35395725354542,48.6543019544999,133.44726678990688,0.2839803323708816,-0.6281004184365789,6.0273210601738185,1
55.15473508670789,169.93102221897692,52.735319124017174,178.53767227950266,0.22435639630385165,0.27952081223521347,2.4194159626907137,1
53.534622303517146,170.9719055233985,50.247679529442806,178.250756719881,0.2735989072116047,0.2921880463228828,3.2869427740743404,1
51.74222333420743,169.1551060504288,45.58672984661974,140.8515334706476,0.2927183880505543,-0.6738767240732954,6.155493487587691,1
50.49599127534147,173.76392683187,43.64543560748895,134.9354768285455,0.36773819139753566,-0.6646390318213421,6.850555667852518,1
45.70149146401866,166.82654888970973,40.57928399663534,132.37927650171525,0.3924510502331786,-0.6583701233981581,5.122207467383319,1
36.50724046050362,167.46219241896804,33.44815251638975,113.12441239996198,0.6612064375451631,-0.6185504113791661,3.0590879441138696,1
34.149348080426996,172.31902047591348,32.13777134528631,107.9450307552679,0.7428648667075208,-0.6187225453643136,2.011576735140686,1
29.009850982326633,168.73516944105907,28.603609646399864,101.25297293440127,0.8073747325309725,-0.618547743270959,0.4062413359267687,1
26.44089033421512,170.8112951512908,29.542204931001606,168.16720988042894,0.8959836690122767,0.905458738586033,3.1013145967864872,1
29.362350311343036,172.6659254633189,28.682112383916273,79.38056232389923,1.0497873708915368,-0.6778831514952463,0.6802379274267629,1
32.10495047594962,173.0900637002152,23.07582915768517,84.49717760394189,0.9999584679663425,-0.6580534766465373,9.029121318264451,1
34.70611102856977,172.80082069746132,26.549558341873023,84.93342764671857,0.9620167631598466,-0.6456726415548023,8.156552686696749,1
38.05825397019238,172.90746769789808,18.48552822830418,85.06579091543827,0.8950587488457038,-0.6418569388105836,19.572725741888203,1
49.24788037243758,172.29047356229012,37.382766324690984,121.48698974606546,0.5330578614375816,-0.6420993228919448,11.865114047746594,1
49.57356550071283,166.56706077717848,41.25404543651858,124.19963425641086,0.44790908305672444,-0.6424624572747127,8.31952006419425,1
53.563696227717436,166.17811376189326,44.632777238380676,136.42019726775476,0.29878381227237377,-0.6492101685797573,8.93091898933676,1
58.70805964573952,172.15699408940412,52.305601491966065,143.4322929063872,0.21127853016698722,-0.686679721366857,6.402458153773452,1
60.170221233058705,170.86514108925886,54.898581134828355,144.94474086724085,0.16355017162523663,-0.6771668257096516,5.27164009823035,1
59.541299308578594,167.1687088502429,61.63402515212416,151.13808931766218,0.10676960177629305,-0.7126897960415765,2.0927258435455656,1
62.6145226245456,165.54515139511108,62.57476456544695,156.42522548179852,9.309237783092243e-05,-0.7323929605388958,0.039758059098652154,1
63.44969581901596,166.2185189303773,61.76688651921672,155.42982137931565,-0.009563981400341325,-0.7321674304714064,1.6828092997992385,1
59.67297350336739,169.6578796763037,60.05733972026814,174.8964518498225,0.10828586404547574,0.1277246326863623,0.38436621690075157,1
47.93469287460251,166.22601348753545,48.198720117553705,135.7527929185246,0.3562945693207418,-0.7369518476009325,0.26402724295119384,1
23.226047608100387,172.32843410902746,27.05876641864177,87.86873392219144,1.019628082553107,-0.6610980379538358,3.832718810541383,1
